External ID,Name,Prioridade,Valor de Licenças (ARR),ChurnScore HS padrão,CSI Name, CSM,Fase do Projeto,Módulos,Módulos contratados
980cab57-910a-4b88-a61e-1232e6192089,[Stefanini] Intelligenti,Tech,"2593,67",20,Everton Chaiko,Raul Cariello,Onboarding,avaliacao,avaliacao
580feea6-f23d-4332-b056-796297c0508b,[Stefanini] Necxt,High,0,45,Alexandra Cunha,Raul Cariello,Ongoing,"avaliacao, metas","avaliacao, metas"
843bf7ee-85c9-4c82-8138-ae37373ee75a,[Stefanini] Ponto Certificado,Tech,"2806,39",10,Everton Chaiko,Raul Cariello,Ongoing,"avaliacao, metas","avaliacao, metas"
aa22e987-d61b-4fd0-9d4c-99d413ba8b9b,[Stefanini] Woopi,Low,"2511,76",20,Everton Chaiko,Raul Cariello,Onboarding,avaliacao,avaliacao
730e3d01-9b4b-47c0-991e-5d82dafb42a9,Ação da Cidadania,Low,7777,90,Maria Marcílio,Leonardo Alves,Onboarding,"avaliacao, avaliacaodeexperiencia","avaliacao, avaliacaodeexperiencia"
ee16c75e-6b8f-43a5-bc7d-0c59a6331664,Accensione Consulting,Tech,"774,4",50,CS Impulseup,Lucas Henrique,Ongoing,"pdi, avaliacao","pdi, avaliacao"
4d2f4da3-da8d-4be3-9916-cefd045763c4,Agrofel,Mid,"22782,03",60,Alexandra Cunha,Natália Baldivia,Onboarding,"pdi, avaliacao","pdi, avaliacao"
d93ea233-0a1d-4c55-bb7a-2905f4997fe7,"Aitkenpar - Missões insurgentes, gente boa e sonho grande",Mid,"19136,16",10,CS Impulseup,Andresa Carmo,Onboarding,"pdi, avaliacao, pesquisas","pdi, avaliacao, pesquisas"
148021ee-01f2-4eb9-8631-9c5bcfd184ca,Alloha Fibra,High,31405,50,CS Impulseup,Marcela Bonin,Ongoing,"avaliacao, pdi","avaliacao, pdi"
2b2ddbff-6221-4e6d-b9e4-a50409b5d55e,Amatuzzi Advogados,Tech,"1860,79",40,CS Impulseup,Lucas Henrique,Ongoing,"pdi, avaliacao","pdi, avaliacao"
5cf4432c-66b9-437a-8ef0-501af79b34d5,Ambra,Low,"9597,87",10,CS Impulseup,Leonardo Alves,Ongoing,"pdi, avaliacao","pdi, avaliacao"
bd4cd11c-28dd-43ca-b7b8-6e50f4bce7dc,Artesanal Investimentos,Mid,"15856,76",40,CS Impulseup,Taiana Araujo,Onboarding,"pdi, avaliacao, pesquisas","pdi, avaliacao, pesquisas"
4098ddaf-8cbe-4c04-935d-314478723368,BAMIN,Enterprise,"39183,11",10,Alexandra Cunha,Caio Pinho,Ongoing,"avaliacao, metas","avaliacao, metas"
b07ef869-4dbf-4112-ae0a-43d21db4e2fb,Barcellos Tucunduva Advogados,Low,"6941,03",40,CS Impulseup,Lucas Henrique,Ongoing,"pdi, avaliacao","pdi, avaliacao"
d44a1309-1a52-4e1f-9b46-6031a12e98f0,Big Box supermercados,Enterprise,"78456,03",60,Manu Rodrigues,Caio Pinho,Onboarding,"avaliacao, avaliacaodeexperiencia, pdi","avaliacao, avaliacaodeexperiencia, pdi"
24a9e4eb-ecdf-4eaa-9987-b56e2acc7484,Biomm S/A,Mid,"22819,58",25,Ana Beatriz Glasner,Natália Baldivia,Onboarding,"avaliacao, pdi, pesquisas","avaliacao, pdi, pesquisas"
decc2c00-b329-49b6-8286-43c849524623,Bram Offshore Ltda.,High,28040,30,CS Impulseup,Raul Cariello,Onboarding,"pdi, avaliacao, pesquisas","pdi, avaliacao, pesquisas"
cf1dda60-f08a-4f18-a4f4-9f2fd1f9571e,Brasil Port,A definir,0,30,Alexandra Cunha,Raul Cariello,Ongoing,"pdi, avaliacao","pdi, avaliacao"
085eb7fd-d1fb-4cdf-967c-983c5be00378,Carpal Tratores Ltda,High,"35035,65",50,Alexandra Cunha,Caio Pinho,Onboarding,"avaliacao, metas","avaliacao, metas"
f4097153-4eb7-4bcc-ba0f-644ead5ab616,CompuTecnica Technology,Low,"10497,6",50,CS Impulseup,Leonardo Alves,Ongoing,"pdi, pesquisas","pdi, pesquisas"
b7ef096c-4189-437a-b574-fe19523b6d93,Confederação Nacional de Municípios,Low,"9236,4",20,Ana Beatriz Glasner,Andresa Carmo,Ongoing,"pdi, avaliacao","pdi, avaliacao"
8b1ba87c-3a02-4dd7-bd8f-38b46c84172d,Const. Sá Cavalcante,High,"47434,85",35,Manu Rodrigues,Marcela Bonin,Onboarding,"pdi, avaliacao, metas, pesquisas","pdi, avaliacao, metas, pesquisas"
c78979c1-7840-4dac-a41a-68cc36f634ac,Copelmi Mineração Ltda,Mid,"18626,4",20,Ana Beatriz Glasner,Caio Pinho,Ongoing,"pdi, avaliacao","pdi, avaliacao"
e6a5933d-971f-41c6-928f-54a3ec25718d,Costa Oeste,Mid,"24368,45",30,CS Impulseup,Caio Pinho,Ongoing,"pdi, avaliacao, metas, pesquisas","pdi, avaliacao, metas, pesquisas"
4c9fcad0-ebab-45ae-87ec-f08f5e05779e,Deal Comercializadora,Mid,"8650,94",50,Maria Marcílio,Andresa Carmo,Ongoing,"pdi, avaliacao, pesquisas, learning","pdi, avaliacao, pesquisas, learning"
4b5e865a-4f6a-4a83-9f5c-700a3861b02a,DP6,Mid,19713,10,CS Impulseup,Natália Baldivia,Ongoing,"avaliacao, pdi, pesquisas","avaliacao, pdi, pesquisas"
98de8764-6875-4193-a31d-b7a1532bd053,DreamExperience,Low,"6425,52",60,CS Impulseup,Lucas Henrique,Ongoing,"pdi, avaliacao, metas, pesquisas","pdi, avaliacao, metas, pesquisas"
8ae7c20f-3bc3-41e1-bd44-f4ae499cb6dc,ELOSAÚDE - Associação de Assistência à Saúde,Tech,0,40,CS Impulseup,Lucas Henrique,Ongoing,"pdi, avaliacao","pdi, avaliacao"
91148aeb-24bc-47cf-bf39-1312950f5753,Empírica,Mid,7777,10,CS Impulseup,Lucas Henrique,Ongoing,"avaliacao, pdi","avaliacao, pdi"
ee266f92-f74a-4ccf-86ca-931c645b2966,FBM BRASIL LTDA,A definir,0,50,Maria Marcílio,Natália Baldivia,Ongoing,"pdi, avaliacao, metas","pdi, avaliacao, metas"
0de5ac2e-150a-4aee-a272-f2f7fc2d92e9,Fertgrow,Low,7719,20,Ana Beatriz Glasner,Hosana Freitas,Ongoing,"avaliacao, pdi","avaliacao, pdi"
a0f420e7-3fb1-4c3f-b773-2aef4ea647e6,FINCH,High,"25247,8",50,CS Impulseup,Andresa Carmo,Ongoing,"pdi, avaliacao, pesquisas","pdi, avaliacao, pesquisas"
de2c557f-9cab-41c8-a188-b6bdcd236007,FUNCEF,Enterprise,"55712,23",10,CS Impulseup,Raul Cariello,Onboarding,"pdi, avaliacao, metas, avaliacaodeexperiencia","pdi, avaliacao, metas, avaliacaodeexperiencia"
135f803a-1946-4b54-b3ca-fa40806bf2b9,GAC Group,Low,"8809,29",50,Maria Marcílio,Andresa Carmo,Onboarding,"pdi, avaliacao, metas","pdi, avaliacao, metas"
ff5dcc7c-e06b-458f-af00-c95c51de631f,GP CORP,A definir,0,30,Everton Chaiko,Hosana Freitas,Onboarding,"pdi, avaliacao, avaliacaodeexperiencia, pesquisas","pdi, avaliacao, avaliacaodeexperiencia, pesquisas"
092b1fbd-5432-4794-bc37-59b17f11486b,Grupo Águia,High,"56012,8",50,Manu Rodrigues,Raul Cariello,Onboarding,"avaliacao, pdi, metas, pesquisas","avaliacao, pdi, metas, pesquisas"
268802c2-2b38-4350-bd13-2f5b987fd5d9,Grupo Brisanet,Mid,"31663,91",10,Maria Marcílio,Caio Pinho,Ongoing,"pdi, avaliacao","pdi, avaliacao"
2a8f9533-533d-453c-9225-c2170927a745,Grupo H+ Brasil - Opty,Enterprise,104412,20,Manu Rodrigues,Raul Cariello,Ongoing,"pdi, avaliacao","pdi, avaliacao"
ca9cf0d8-e022-49f0-b4bf-e6e1a525708c,Grupo Hard,Mid,"19708,1",40,Everton Chaiko,Taiana Araujo,Onboarding,"pdi, avaliacao, pesquisas","pdi, avaliacao, pesquisas"
2dba81d8-99b5-4eab-aca4-2efd6e758190,Grupo Imediato,Enterprise,84541,20,Alexandra Cunha,Marcela Bonin,Ongoing,"pdi, avaliacao, metas","pdi, avaliacao, metas"
83f3bc22-d1c2-4c23-8908-f4aa656ab851,Grupo Irko,Tech,"-6956,6",80,Ananda Lima,Taiana Araujo,Ongoing,"pdi, avaliacao, metas","pdi, avaliacao, metas"
5d57c89d-701b-4a08-b44a-c2a785cdbdbd,Grupo Palme,Mid,12000,40,CS Impulseup,Andresa Carmo,Ongoing,"metas, avaliacao, pdi, pesquisas","metas, avaliacao, pdi, pesquisas"
ebb7d279-8521-4372-95eb-b5fa35558c98,Grupo Ráscal,Mid,"14937,03",50,CS Impulseup,Hosana Freitas,Ongoing,"avaliacao, pdi","avaliacao, pdi"
a0e307df-c5c3-421d-b243-fb54d3efc1f7,Grupo Renac,Mid,13700,40,Alexandra Cunha,Raul Cariello,Onboarding,"avaliacao, pesquisas, pdi","avaliacao, pesquisas, pdi"
9e8fc1e8-762f-4731-aab0-737f9708cc11,Grupo Sinoserra,Mid,"52290,4",35,Paulo Pisano,Taiana Araujo,Ongoing,"avaliacao, pesquisas, pdi, avaliacaodeexperiencia","avaliacao, pesquisas, pdi, avaliacaodeexperiencia"
1fb47ee5-d4ec-478b-95c3-d48798c0b9d9,GS Inima,Enterprise,106897,20,Manu Rodrigues,Marcela Bonin,Onboarding,"pdi, avaliacao, metas, pesquisas, learning","pdi, avaliacao, metas, pesquisas, learning"
a198b1e1-87b0-459b-9552-7c87634f84b1,H. Strattner & Cia. Ltda.,Enterprise,59500,40,Manu Rodrigues,Marcela Bonin,Ongoing,"metas, avaliacao, avaliacaodeexperiencia, pdi, pesquisas","metas, avaliacao, avaliacaodeexperiencia, pdi, pesquisas"
f941aa2d-a215-48b4-9c3b-7697a2d054f9,Hellus Corretora,Low,"7327,68",50,Everton Chaiko,Andresa Carmo,Onboarding,"pdi, avaliacao, metas, pesquisas","pdi, avaliacao, metas, pesquisas"
8703551e-fb21-4781-b5ac-69b0c9bddc31,HI-Mix,High,"16866,32",80,Paulo Pisano,Leonardo Alves,Ongoing,"avaliacao, metas, pdi","avaliacao, metas, pdi"
c05dc377-c898-4601-9743-f1c0c4782310,HLB Brasil,High,44544,10,Camila Fortes,Taiana Araujo,Onboarding,"avaliacao, pdi","avaliacao, pdi"
6f524a0f-5b7f-4953-86a7-2e957fff3e43,Howden Harmonia Corretora de Seguros,Mid,"19445,42",20,Paulo Pisano,Natália Baldivia,Ongoing,"pdi, avaliacao","pdi, avaliacao"
ca9ea140-8191-4826-bdb7-d863f9261383,Humboldt,Low,"8569,04",20,CS Impulseup,Lucas Henrique,Ongoing,"pdi, avaliacao","pdi, avaliacao"
21aab8e8-6b08-4a2d-9762-27270b2592df,Icaro Tech,High,"29318,8",20,CS Impulseup,Marcela Bonin,Ongoing,"pdi, avaliacao","pdi, avaliacao"
2347f6e6-00b8-4387-a1f8-b60c11599438,Idwall,Enterprise,"60237,1",10,Manu Rodrigues,Marcela Bonin,Ongoing,"avaliacao, pdi, metas","avaliacao, pdi, metas"
c8eb9620-71ee-431a-b0ae-f8c9ae78a951,In Consultoria Estratégica,Tech,"1678,45",30,CS Impulseup,Lucas Henrique,Ongoing,"pdi, avaliacao","pdi, avaliacao"
4c79bb18-6cbe-4fa8-8934-0a1f988f81ff,Ingredion Incorporated,Mid,"35849,5",20,Camila Fortes,Caio Pinho,Ongoing,"pdi, avaliacao","pdi, avaliacao"
bca8e1b7-fbb9-49db-8f99-4696a7da0a3e,Instituto de Olhos de Belo Horizonte,Tech,0,30,CS Impulseup,Lucas Henrique,Ongoing,"pdi, avaliacao","pdi, avaliacao"
46302268-8653-428b-92f0-3766de269d6d,KOBOLD,Tech,"4573,91",20,CS Impulseup,Andresa Carmo,Ongoing,"pdi, avaliacao","pdi, avaliacao"
ee2c6766-9e90-4846-95e9-f347065fe4ad,LabVantage,Low,0,20,CS Impulseup,Leonardo Alves,Ongoing,"pdi, avaliacao","pdi, avaliacao"
353054b5-130b-474b-b5e8-43966c07164b,Lupin - Medquimica Industria Farmaceutica Ltda,High,50400,35,CS Impulseup,Raul Cariello,Ongoing,"pdi, avaliacao, metas","pdi, avaliacao, metas"
5c324e66-99d4-40a0-8b0a-e5457bfdfb6a,MANAUSPREV,Mid,"11642,4",20,Ana Beatriz Glasner,Hosana Freitas,Onboarding,"pdi, avaliacao","pdi, avaliacao"
91354260-87e4-4927-938a-0be005f8e866,Mastersense,High,27850,35,Paulo Pisano,Caio Pinho,Onboarding,"pdi, avaliacao, metas, pesquisas","pdi, avaliacao, metas, pesquisas"
1ab6578b-bd74-4c86-ac6d-07ab1668217d,MG Info,Mid,11664,50,CS Impulseup,Andresa Carmo,Ongoing,"pdi, avaliacao","pdi, avaliacao"
30032336-07a8-4e45-abed-81d410db7af0,Mineração Ipê - Porto Sudeste,Enterprise,"49396,5",35,Paulo Pisano,Caio Pinho,Ongoing,"pdi, avaliacao, pesquisas","pdi, avaliacao, pesquisas"
efe493e5-b334-421c-a06c-316d0a42da49,Multilog,High,34704,20,Everton Chaiko,Caio Pinho,Ongoing,"pdi, avaliacao","pdi, avaliacao"
065a6fc2-0622-4159-ac45-389706194269,Ninecon,Enterprise,46000,20,Camila Fortes,Marcela Bonin,Ongoing,"pdi, avaliacao, metas, pesquisas","pdi, avaliacao, metas, pesquisas"
f9b69bd9-b545-4d18-909a-3623b25773ab,NTSec,Tech,"23764,75",10,Everton Chaiko,Hosana Freitas,Ongoing,"pdi, avaliacao, pesquisas","pdi, avaliacao, pesquisas"
dd6b251e-8649-4c11-a752-19a2c5e7e55d,Objetiva Atacadista Da Construcao,Mid,"22806,7",30,Paulo Pisano,Natália Baldivia,Ongoing,"avaliacao, pdi","avaliacao, pdi"
08c13693-db74-407b-851c-e1a182e92715,OffShore,Enterprise,"134947,5",30,Alexandra Cunha,Raul Cariello,Onboarding,"pdi, avaliacao, pesquisas","pdi, avaliacao, pesquisas"
44290c37-5945-46bb-bc40-e55a928aa246,Oleoplan,High,"28160,5",20,CS Impulseup,Marcela Bonin,Onboarding,"avaliacao, pdi, metas, pesquisas, avaliacaodeexperiencia","avaliacao, pdi, metas, pesquisas, avaliacaodeexperiencia"
be51cd62-67db-4c07-8f28-442aa9901ef4,Pagaleve,Mid,"18801,3",10,Ana Beatriz Glasner,Natália Baldivia,Ongoing,"pdi, avaliacao, metas","pdi, avaliacao, metas"
3f0c77a9-3f5c-41a0-9d13-87b72a7735bb,Pague Menos Extrafarma,Enterprise,"159299,99",20,Luísa Schimidt,Raul Cariello,Ongoing,"pdi, avaliacao, metas","pdi, avaliacao, metas"
fd668408-e357-460a-a67a-dc0c42d02cf1,Paipe,High,"19267,8",10,CS Impulseup,Andresa Carmo,Onboarding,"pdi, avaliacao, metas, pesquisas","pdi, avaliacao, metas, pesquisas"
39280837-7a38-49a3-a932-38e3bef48087,Parque Tecnológico Itaipu,High,"38526,5",20,CS Impulseup,Caio Pinho,Ongoing,"pdi, avaliacao","pdi, avaliacao"
b98f36e4-5c5c-4397-ad1c-ecab2ba53bc8,Perville,Mid,"10696,58",30,CS Impulseup,Leonardo Alves,Ongoing,"pdi, avaliacao, pesquisas","pdi, avaliacao, pesquisas"
b0261fac-1320-4e56-b811-b73ff4424fd2,Pitang,High,33264,50,Alexandra Cunha,Caio Pinho,Onboarding,"pdi, metas","pdi, metas"
92b4c2d7-cfbc-4eba-abc8-4aebbb8bb666,Planfer,Mid,"18684,84",35,Everton Chaiko,Natália Baldivia,Ongoing,"pdi, avaliacao, metas","pdi, avaliacao, metas"
2ae66579-67a7-4958-a378-eec4be92e74b,Plano&Plano,Mid,"16477,49",40,Ana Beatriz Glasner,Hosana Freitas,Onboarding,"pdi, avaliacao","pdi, avaliacao"
e5be5ea2-ae95-4f01-9448-0b697dc3cae6,Pop Trade,Enterprise,"66478,23",20,Camila Fortes,Marcela Bonin,Onboarding,"pdi, avaliacao","pdi, avaliacao"
2c7d4e50-af8a-4300-9b0f-ea9580b60a91,Protecon Group,Low,"7851,05",60,Everton Chaiko,Leonardo Alves,Onboarding,"pdi, avaliacao, metas, avaliacaodeexperiencia, pesquisas","pdi, avaliacao, metas, avaliacaodeexperiencia, pesquisas"
a1a52552-1ed8-4f1a-8c8b-2565550f246b,R.BRANDS,Mid,"10516,83",10,Maria Marcílio,Hosana Freitas,Onboarding,"avaliacao, metas, pdi","avaliacao, metas, pdi"
dc5719af-cd4e-4eb0-bc57-a53ef83a0f5a,Razzo Ltda,Mid,20976,20,Ana Beatriz Glasner,Natália Baldivia,Onboarding,"pdi, avaliacao","pdi, avaliacao"
92e46ef6-39f4-4c06-8ae0-0fd4767eaa7a,Rio Bravo Investimentos,Low,"8439,29",10,CS Impulseup,Leonardo Alves,Ongoing,"pdi, avaliacao, metas","pdi, avaliacao, metas"
7fa3edc8-9193-40f7-a3d5-45c3a9fa2b9e,SESI SENAI AMAPÁ,Mid,23117,50,Alexandra Cunha,Natália Baldivia,Ongoing,"pdi, avaliacao","pdi, avaliacao"
55a1831d-20ec-419c-b6b1-6f65970c0d03,Shopping Vitória,High,"25177,7",20,CS Impulseup,Taiana Araujo,Onboarding,"pdi, avaliacao, pesquisas","pdi, avaliacao, pesquisas"
8b291f70-4248-4476-9442-5ad94e9455ea,SIATT Engenharia,High,"28244,92",50,Paulo Pisano,Taiana Araujo,Onboarding,"avaliacao, pesquisas, avaliacaodeexperiencia, pdi","avaliacao, pesquisas, avaliacaodeexperiencia, pdi"
68dc54ed-47ee-48f6-a4c5-0fb5e142bd81,Singular,Tech,5474,10,CS Impulseup,Andresa Carmo,Ongoing,"avaliacao, pdi","avaliacao, pdi"
3ac011f1-410c-4701-882e-ba94e35be08f,Socin,Low,"10139,64",20,Ana Beatriz Glasner,Hosana Freitas,Onboarding,"pdi, avaliacao, pesquisas","pdi, avaliacao, pesquisas"
4bab293f-fbd4-45fc-9074-42787855b4a0,Sofist,Low,11920,20,Ana Beatriz Glasner,Andresa Carmo,Ongoing,"pdi, avaliacao","pdi, avaliacao"
51089cab-978d-43e4-ad3c-647cdef0dd76,Stefanini Brasil,Enterprise,"122857,98",10,Manu Rodrigues,Raul Cariello,Ongoing,"avaliacao, metas","avaliacao, metas"
b63ba480-b5ce-4bc0-8742-b05541fb077b,STER ENGENHARIA LTDA,Mid,14850,20,Ana Beatriz Glasner,Hosana Freitas,Onboarding,"avaliacao, pdi","avaliacao, pdi"
4ec58bb6-b634-4584-9b7a-8ad288ccffaa,StoneX,Low,"8165,85",20,Ana Beatriz Glasner,Andresa Carmo,Onboarding,"avaliacao, pdi","avaliacao, pdi"
7b536d28-5b69-4872-b1c0-6e9f54027f2a,Supermercados Pague Menos,Enterprise,"103585,04",30,Manu Rodrigues,Raul Cariello,Onboarding,"pdi, avaliacao","pdi, avaliacao"
88227690-d92e-4abf-8db4-4b2c5f55758a,SWM International,Tech,23600,20,Camila Fortes,Natália Baldivia,Ongoing,"avaliacao, pdi","avaliacao, pdi"
73bf0860-95c9-4b05-9891-66b74d801f0c,TecnoSpeed,High,"32894,59",20,CS Impulseup,Caio Pinho,Ongoing,"pdi, avaliacao, metas","pdi, avaliacao, metas"
4b1843e0-3989-4648-aa58-81af49efb02c,Tetra Tech,High,28221,20,Maria Marcílio,Caio Pinho,Ongoing,"avaliacao, learning","avaliacao, learning"
4a330530-5c7b-42e8-a724-755503b35376,Tribunal de Justiça de Roraima,High,"53532,78",35,Everton Chaiko,Marcela Bonin,Onboarding,"pdi, avaliacao","pdi, avaliacao"
07752040-d8f3-4edf-8b6d-0d09e542ffcb,Tributo Justo,Mid,"7444,69",10,Maria Marcílio,Taiana Araujo,Onboarding,"pdi, avaliacao, metas, avaliacaodeexperiencia, pesquisas","pdi, avaliacao, metas, avaliacaodeexperiencia, pesquisas"
d1d99647-09de-440b-82b1-3ec3ab0866f2,Trinca,Mid,"15103,8",30,CS Impulseup,Hosana Freitas,Ongoing,"pdi, avaliacao, pesquisas","pdi, avaliacao, pesquisas"
87ed3a27-751d-4acf-844e-c4148a16c45a,Trinity Biotech,Tech,"3806,74",20,Maria Marcílio,Lucas Henrique,Onboarding,"pdi, avaliacao","pdi, avaliacao"
47322e89-699d-410d-af59-80ce57d67df1,[Gomes de Matos] BSPAR Incorporações SA,Mid,"11238,49",30,Maria Marcílio,Andresa Carmo,Onboarding,"pdi, avaliacao","pdi, avaliacao"
d9c2677a-0858-4191-8351-043169726be7,Açaí Puríssimo - C2Holding,Low,8136,20,Maria Marcílio,Leonardo Alves,Ongoing,"avaliacao, pdi","avaliacao, pdi"
ccef084e-e652-4423-a1a8-2eb65cb37072,Afrika Tecnologia e Negócio,Tech,2877,60,CS Impulseup,Lucas Henrique,Ongoing,"pdi, avaliacao, pesquisas","pdi, avaliacao, pesquisas"
46498e0c-fd0c-4143-80f2-7842475c973d,Agencia Terruá,High,"62379,38",60,Paulo Pisano,Caio Pinho,Onboarding,"avaliacao, pdi, pesquisas, metas, avaliacaodeexperiencia","avaliacao, pdi, pesquisas, metas, avaliacaodeexperiencia"
725b92b7-67dc-4d6d-a9fd-4c7d2e8404f9,Agility,Mid,"15524,5",10,CS Impulseup,Hosana Freitas,Ongoing,"pdi, avaliacao, metas","pdi, avaliacao, metas"
0d32be65-a5d6-470e-9eba-0585b69a55dd,AHT Cooling Systems,Tech,"5055,05",20,Maria Marcílio,Lucas Henrique,Onboarding,"pdi, avaliacao, metas, pesquisas","pdi, avaliacao, metas, pesquisas"
b8cc96b4-46df-45d8-832c-358d4ed560f4,altbank.co,High,25920,20,CS Impulseup,Taiana Araujo,Onboarding,"avaliacao, pesquisas","avaliacao, pesquisas"
15a7a608-abfc-4f1c-9f02-f03afbd3211c,Americas Health,High,"47446,98",30,CS Impulseup,Marcela Bonin,Onboarding,"pdi, avaliacao","pdi, avaliacao"
d97e8f8d-88c9-4a70-a181-de56c889833a,Ampfy,Mid,21301,30,CS Impulseup,Natália Baldivia,Ongoing,"pdi, avaliacao, pesquisas","pdi, avaliacao, pesquisas"
d6fc8637-d61f-442e-9f8a-ddca0f8e053a,Anhanguera Ferramentas,High,"37851,58",10,CS Impulseup,Taiana Araujo,Ongoing,"avaliacaodeexperiencia, avaliacao","avaliacaodeexperiencia, avaliacao"
2e6093d7-e5bd-4316-95ef-a9b4df34443f,ArgoFruta,Mid,"18819,32",20,Maria Marcílio,Andresa Carmo,Onboarding,"pdi, avaliacao, avaliacaodeexperiencia","pdi, avaliacao, avaliacaodeexperiencia"
307a6c5a-6165-42f6-a6dc-7afb6d010b37,Baker Tilly 4Partners Auditores Independentes,Low,8360,50,CS Impulseup,Hosana Freitas,Ongoing,"pdi, avaliacao","pdi, avaliacao"
b9140eee-0038-4c09-9674-d3a37fc07c47,Baru Offshore,Mid,"21424,6",50,Camila Fortes,Caio Pinho,Ongoing,"pdi, avaliacao, avaliacaodeexperiencia","pdi, avaliacao, avaliacaodeexperiencia"
0b9dc71c-32f1-4f71-9437-2b22a50a8ff5,Beatt,Low,"6047,65",30,CS Impulseup,Caio Pinho,Ongoing,"pdi, avaliacao","pdi, avaliacao"
601585f8-b263-42b9-8623-c476e471e85d,Bioxxi Esterilização,Low,"9032,41",50,Maria Marcílio,Leonardo Alves,Ongoing,"pdi, avaliacao, metas","pdi, avaliacao, metas"
b96ea419-1627-4fb5-8cb0-fd2676fe57a8,BRAVANTE,High,41916,60,Camila Fortes,Taiana Araujo,Onboarding,"pdi, avaliacao, metas","pdi, avaliacao, metas"
7d9fda30-7eb0-4f90-82c0-3fd25497dc48,Bundy Refrigeration,Mid,"15356,63",60,Everton Chaiko,Hosana Freitas,Ongoing,"pdi, avaliacao, metas","pdi, avaliacao, metas"
5f67a87c-7371-4a99-a5ed-0f41b62c9703,Buonogel Indústria de Alimentos,Tech,"4875,68",20,CS Impulseup,Leonardo Alves,Ongoing,"pdi, avaliacao, metas","pdi, avaliacao, metas"
99cfc9c7-a4f8-496b-a78f-fef45c9e35ca,ButtiniMoraes,Mid,"4166,2",10,Ana Beatriz Glasner,Lucas Henrique,Ongoing,"pdi, avaliacao, pesquisas","pdi, avaliacao, pesquisas"
0bc4aad9-5a36-4271-b2d6-3b6cf7b925e8,Cana Brava All Inclusive Resort,Mid,"10977,81",60,Ana Beatriz Glasner,Andresa Carmo,Ongoing,"pdi, avaliacao","pdi, avaliacao"
2fbf1e8b-d37e-4299-aa13-eba26ca44820,CARTÓRIO BRUNO QUINTILIANO,Mid,"11349,59",40,Maria Marcílio,Taiana Araujo,Ongoing,"pdi, avaliacao, metas, pesquisas","pdi, avaliacao, metas, pesquisas"
3dff8fe9-14f3-479b-9ed8-27c22b67bbb7,CBA South America,Low,"10198,18",50,Everton Chaiko,Leonardo Alves,Onboarding,"pdi, avaliacao","pdi, avaliacao"
bb549509-02bd-4bf6-b2cf-5aff75927d23,CBAA asfaltos,A definir,27105,60,Everton Chaiko,Caio Pinho,Ongoing,"pdi, avaliacao","pdi, avaliacao"
29eec31d-35d8-4070-a594-ad47761c3832,Cedro Technologies,Mid,"10915,8",50,CS Impulseup,Andresa Carmo,Ongoing,"pdi, avaliacao, metas, pesquisas","pdi, avaliacao, metas, pesquisas"
1fc1a38f-7c51-4f73-aa24-58a8678579b9,CENTRO OESTE LATICÍNIOS,High,"52837,2",50,Paulo Pisano,Raul Cariello,Onboarding,"avaliacao, pdi, metas, pesquisas","avaliacao, pdi, metas, pesquisas"
b3d1cd53-f3e2-4dba-836f-c854b2fe8a44,Cimar Cimentos do Maranhão - Cimento Portland Participações S.A.,Mid,"18486,75",10,CS Impulseup,Natália Baldivia,Ongoing,"pdi, avaliacao, pesquisas","pdi, avaliacao, pesquisas"
6d81aa8c-23dd-4cb2-bdd9-388c7084ac6f,Conexa saúde,Enterprise,"58375,2",40,Luísa Schimidt,Raul Cariello,Onboarding,"avaliacao, avaliacaodeexperiencia, pdi, pesquisas","avaliacao, avaliacaodeexperiencia, pdi, pesquisas"
a33447fe-3fa9-4621-a685-464b3708521e,Confins,Tech,1845,20,CS Impulseup,Lucas Henrique,Ongoing,"pdi, avaliacao","pdi, avaliacao"
83597a14-8eee-4862-9056-d2a4ce68166e,Construtora Impacto,Low,7777,10,CS Impulseup,Lucas Henrique,Ongoing,"pdi, avaliacao","pdi, avaliacao"
54dc35ca-83d3-4c9a-8f87-5fc376d967bf,Credsystem,Enterprise,"86653,2",10,Manu Rodrigues,Raul Cariello,Onboarding,"pdi, avaliacao, metas","pdi, avaliacao, metas"
a61c1cbb-efc3-4ed5-906d-6361f2794be3,Deal,High,29739,20,Camila Fortes,Marcela Bonin,Ongoing,"pdi, avaliacao, learning, pesquisas","pdi, avaliacao, learning, pesquisas"
a6d5d20d-6354-4e77-a6df-bcdadc08642a,Dengo Chocolates,Enterprise,"60594,6",65,Everton Chaiko,Raul Cariello,Onboarding,"pdi, avaliacao, metas, pesquisas","pdi, avaliacao, metas, pesquisas"
0d8ea19b-c1e5-4317-ad87-d428a17ea6e1,Dispetral,A definir,10368,20,CS Impulseup,Taiana Araujo,Ongoing,"avaliacao, pdi","avaliacao, pdi"
49b3871b-fc78-4eba-8d5f-81807cbf2e5f,Edições CNBB,Mid,"23430,2",50,Ana Beatriz Glasner,Natália Baldivia,Onboarding,"pdi, avaliacao, metas, pesquisas","pdi, avaliacao, metas, pesquisas"
d1cecd20-6348-4b50-8498-0482da734f7c,Embalagens Flexíveis Diadema S.A.,Enterprise,63600,50,Camila Fortes,Raul Cariello,Ongoing,"avaliacao, pdi, metas, avaliacaodeexperiencia","avaliacao, pdi, metas, avaliacaodeexperiencia"
41bb043c-9f31-442f-8da5-99c350a8aba3,Etek NovaRed,Tech,"2942,72",20,CS Impulseup,Lucas Henrique,Ongoing,"pdi, avaliacao","pdi, avaliacao"
6d0a0c0a-b96a-4fce-aa6e-2764e1128c55,Every Cybersecurity,Mid,"10940,4",20,Ana Beatriz Glasner,Natália Baldivia,Ongoing,"avaliacao, pdi","avaliacao, pdi"
1ab240f6-b4ee-47a1-8e6f-5da7bade3c7e,Flávio's Calçados,High,"12823,2",20,Ana Beatriz Glasner,Hosana Freitas,Onboarding,"pdi, avaliacao, metas, pesquisas","pdi, avaliacao, metas, pesquisas"
1fe68899-80ab-4532-b76a-8573849fe01c,Fujifilm Corporation,Mid,"13497,36",60,CS Impulseup,Andresa Carmo,Ongoing,"pdi, avaliacao, metas, pesquisas","pdi, avaliacao, metas, pesquisas"
5b5c5e6d-6a9e-47d9-9523-8571ec6658c8,Globalsat Group,Mid,"6340,5",20,CS Impulseup,Lucas Henrique,Ongoing,"pdi, avaliacao, metas, pesquisas","pdi, avaliacao, metas, pesquisas"
ebbd8ad8-74b2-4a72-aeb7-f0bbaea89b60,Gomes de Matos Consultores Associados,Low,9500,50,Ana Beatriz Glasner,Leonardo Alves,Ongoing,"pdi, avaliacao","pdi, avaliacao"
b4734219-cc1f-4d0a-b83c-3c26f60da949,Grupo Barigüi,Mid,13433,20,Paulo Pisano,Caio Pinho,Ongoing,"pdi, avaliacao, metas","pdi, avaliacao, metas"
5a825bc0-7cc4-45ff-a9e0-d0e52574a0f1,Grupo Ergo,Mid,"19290,4",50,Alexandra Cunha,Taiana Araujo,Onboarding,"pdi, avaliacao","pdi, avaliacao"
2c76a97e-b33a-4a16-b18c-31bb301fbd7f,Grupo Roncador,Mid,"12963,28",20,Alexandra Cunha,Natália Baldivia,Ongoing,"pdi, avaliacao","pdi, avaliacao"
997381d7-24e2-4034-806a-1ace45c9ed90,Grupo SAM,Mid,"11587,5",20,Alexandra Cunha,Marcela Bonin,Onboarding,"pdi, avaliacao","pdi, avaliacao"
72f81a0e-0721-4c48-82c5-2a6a65853f6f,Grupo Sifra,High,"49064,8",10,CS Impulseup,Taiana Araujo,Onboarding,"avaliacao, metas, avaliacaodeexperiencia, pdi","avaliacao, metas, avaliacaodeexperiencia, pdi"
7323b624-f284-48d0-ba06-a433ca77b977,Grupo Stéfani Ribeirão Diesel,Mid,"10970,88",10,CS Impulseup,Andresa Carmo,Ongoing,"pdi, avaliacao","pdi, avaliacao"
87c72265-f2ea-4afc-b34d-3a82efac088c,Grupo Taiz Campbell,Low,"8445,61",10,CS Impulseup,Andresa Carmo,Ongoing,"pdi, avaliacao","pdi, avaliacao"
4fec83a4-c919-48ed-82e3-7f06549d0878,Holden Corretora,Mid,"15500,16",50,CS Impulseup,Caio Pinho,Ongoing,"avaliacao, pdi","avaliacao, pdi"
ffbde38c-0a84-4106-b335-3d1048740d75,Hospital INC,Mid,"13783,44",65,CS Impulseup,Hosana Freitas,Onboarding,"pdi, avaliacao","pdi, avaliacao"
6d1748dd-ecb8-4b97-ab20-2ad8b3f21c0d,IGREJA DA CIDADE,Low,"9071,08",20,Ana Beatriz Glasner,Andresa Carmo,Ongoing,"pdi, avaliacao","pdi, avaliacao"
44f0c874-585a-449a-88e7-2b601ebff3ea,Incentivare,Low,18050,60,Ana Beatriz Glasner,Lucas Henrique,Ongoing,"pdi, avaliacao, learning, pesquisas","pdi, avaliacao, learning, pesquisas"
fe56effe-3665-45eb-b54c-eda9c333eeaa,Internacional Logística Integrada de Comércio Exterior,Low,9225,30,CS Impulseup,Lucas Henrique,Ongoing,"pdi, avaliacao","pdi, avaliacao"
8d4336f7-6709-481f-bba3-f4af99946042,KWS Sementes,Mid,12110,60,Ana Beatriz Glasner,Hosana Freitas,Ongoing,"pdi, avaliacao","pdi, avaliacao"
c5f2751e-44bc-42e8-be21-405f2add4193,LeCupon,Mid,7719,40,Maria Marcílio,Leonardo Alves,Onboarding,"avaliacao, pdi, metas","avaliacao, pdi, metas"
14db4c84-2d82-457e-aac3-24a1ab313213,Lobe Consultoria,Low,"10003,2",50,Camila Fortes,Leonardo Alves,Ongoing,avaliacao,avaliacao
bed8726f-fc03-4983-918e-bfecf1818f3a,Marcos Martins Advogados,Mid,26172,30,Everton Chaiko,Taiana Araujo,Onboarding,"avaliacao, pdi","avaliacao, pdi"
3785b354-439e-476a-92f2-96dd40529136,Marinho Hermes Treinamentos,Low,"6499,58",50,Everton Chaiko,Lucas Henrique,Ongoing,"avaliacao, pdi","avaliacao, pdi"
77b175bc-c957-47fe-a28a-f441f0a81f33,Maxi Force Ferramentas,Mid,"11121,15",35,Maria Marcílio,Hosana Freitas,Ongoing,"pdi, avaliacao, metas, pesquisas","pdi, avaliacao, metas, pesquisas"
b3e8495f-0f71-4631-a032-14803f261567,"Medeiros, Santos e Caprara Advogados",Mid,12260,20,Ana Beatriz Glasner,Hosana Freitas,Onboarding,"pdi, avaliacao, metas","pdi, avaliacao, metas"
2bcf213b-32fd-46d7-9147-fa663f6e9d67,Médicos Sem Fronteiras,High,"18758,08",10,CS Impulseup,Taiana Araujo,Ongoing,"pdi, avaliacao, metas","pdi, avaliacao, metas"
72ba08d4-ab13-4817-961e-ea7105cf398d,MetrôRio,Enterprise,"112175,44",20,Manu Rodrigues,Raul Cariello,Ongoing,"pdi, avaliacao","pdi, avaliacao"
0fcc4160-199c-4b59-9309-893ee829dd55,Modern Logistics,High,32472,20,Maria Marcílio,Marcela Bonin,Ongoing,"pdi, avaliacao, metas","pdi, avaliacao, metas"
d77d8dc8-56c0-43be-b210-dd1d109d99ec,MTP,Mid,"34250,81",80,CS Impulseup,Hosana Freitas,Ongoing,"avaliacao, avaliacaodeexperiencia, pdi, pesquisas","avaliacao, avaliacaodeexperiencia, pdi, pesquisas"
7d8e14cc-4d72-4f43-acfa-69eab9293af2,MYCAPITAL CONTROLE DE INVESTIMENTOS LTDA,Mid,"15290,12",10,CS Impulseup,Hosana Freitas,Ongoing,"pdi, avaliacao, pesquisas","pdi, avaliacao, pesquisas"
b8fb97a4-c288-4934-a3f4-72daf090c4de,Norsal,Low,"10545,71",20,CS Impulseup,Leonardo Alves,Ongoing,"pdi, avaliacao","pdi, avaliacao"
fd04e081-bb66-41c1-8463-79e73ec51682,Office Total,Mid,"30557,05",60,Maria Marcílio,Hosana Freitas,Ongoing,"pdi, avaliacao","pdi, avaliacao"
46658f21-b11b-4019-94be-059bc4484c0a,OGMO PARANAGUÁ,Mid,11000,40,CS Impulseup,Leonardo Alves,Ongoing,"pdi, avaliacao, metas, avaliacaodeexperiencia","pdi, avaliacao, metas, avaliacaodeexperiencia"
4d7979be-7007-405b-bd0c-48678e14acce,OnSet,Tech,"4380,04",10,Maria Marcílio,Hosana Freitas,Onboarding,"pdi, avaliacao, metas, pesquisas","pdi, avaliacao, metas, pesquisas"
0896fd2d-c04f-4ef9-93e3-25918e37cacd,Opice Blum,Mid,16800,50,CS Impulseup,Hosana Freitas,Ongoing,"pdi, avaliacao","pdi, avaliacao"
b3f14a2f-2d65-4c14-989c-1a360453df8f,OrphanDC,Mid,"22584,12",50,Ana Beatriz Glasner,Hosana Freitas,Ongoing,"avaliacao, pdi, metas","avaliacao, pdi, metas"
37a36682-225f-4ff6-9938-ea2ad04baae9,Patri,Tech,"4583,77",20,Ana Beatriz Glasner,Leonardo Alves,Ongoing,"pdi, avaliacao","pdi, avaliacao"
bf9befcf-222e-452a-9032-68a0f3bd87fb,Pecege,High,"25560,92",20,Paulo Pisano,Taiana Araujo,Onboarding,"pdi, avaliacao","pdi, avaliacao"
1908e669-09e5-4f1c-bbad-f2793a08042c,Piauí Níquel Metais,High,50902,40,Alexandra Cunha,Raul Cariello,Onboarding,"avaliacao, pdi, metas, pesquisas, avaliacaodeexperiencia","avaliacao, pdi, metas, pesquisas, avaliacaodeexperiencia"
47c135eb-7e34-408d-b2f8-bd4aa07b8a0e,Pinhalense S/A - Máquinas Agrícolas,High,"28289,56",40,Everton Chaiko,Caio Pinho,Onboarding,"avaliacao, pdi","avaliacao, pdi"
b199320d-9b75-4dc5-97c7-01a6b3ea6b4e,Polato Sementes,High,0,60,Maria Marcílio,Marcela Bonin,Onboarding,"avaliacao, pdi, pesquisas","avaliacao, pdi, pesquisas"
07ba7ec5-309b-439e-8228-8f8a92dbc1db,Prime Interway / Grupo Artico,Mid,"21558,01",50,Everton Chaiko,Caio Pinho,Onboarding,"pdi, avaliacao","pdi, avaliacao"
c43932e7-0309-4022-aa66-e3c8b0311233,Pro Licitante,Tech,"4095,13",50,Ana Beatriz Glasner,Lucas Henrique,Ongoing,"pdi, metas","pdi, metas"
34e9ae2c-85c9-4c05-a90d-9156d0a39d82,Pryor Global,Low,"5183,63",20,Ana Beatriz Glasner,Andresa Carmo,Onboarding,"avaliacao, pdi, pesquisas","avaliacao, pdi, pesquisas"
c1c70870-abec-470a-8129-a9ffa428539b,Real Grandeza Fundação de Previdência e Assistência Social,Mid,"23517,24",10,Ana Beatriz Glasner,Andresa Carmo,Ongoing,"pdi, avaliacao","pdi, avaliacao"
e3b0e5ec-5598-4780-aa0d-9c2b7a87d279,Rojemac,Enterprise,"77011,83",50,Paulo Pisano,Raul Cariello,Ongoing,"avaliacao, pesquisas, metas","avaliacao, pesquisas, metas"
def488b8-70fc-41b6-b9f8-abc73d584a17,Rota Pichilau,Mid,15504,20,Ana Beatriz Glasner,Hosana Freitas,Onboarding,"pdi, avaliacao, pesquisas","pdi, avaliacao, pesquisas"
8917b309-eeeb-4a69-8937-8676bb148658,Santa Helena,Enterprise,"63027,2",20,Alexandra Cunha,Marcela Bonin,Ongoing,"pdi, avaliacao, metas, remuneracao variavel","pdi, avaliacao, metas, remuneracao variavel"
0f5de4b6-6cae-492f-9274-199aab940e19,Sementes Petrovina,Tech,2980,50,CS Impulseup,Leonardo Alves,Ongoing,"pdi, avaliacao","pdi, avaliacao"
2d373293-43f9-45c7-866b-3fa366a2d116,Senac ES,Mid,22400,30,Everton Chaiko,Taiana Araujo,Ongoing,"pdi, avaliacao","pdi, avaliacao"
763554a3-7371-47bf-8de0-514049868c5c,SOLIDY BENEFÍCIOS,Tech,"5446,31",30,Ana Beatriz Glasner,Andresa Carmo,Ongoing,"pdi, metas","pdi, metas"
4fbae04c-3b4d-4535-a1d6-88574bf750da,SSI Saúde,Tech,"2852,2",20,CS Impulseup,Lucas Henrique,Ongoing,"avaliacao, metas","avaliacao, metas"
4fd0f2f7-96b7-4bca-81d4-b087fb2fc8de,Sterilex,Low,"7296,94",10,Ana Beatriz Glasner,Lucas Henrique,Onboarding,"pdi, avaliacao, metas, pesquisas","pdi, avaliacao, metas, pesquisas"
a2e820aa-978b-4ece-989e-789952dadb65,SUHAI SEGURANÇA PESSOAL,Mid,11070,30,CS Impulseup,Andresa Carmo,Ongoing,"pdi, avaliacao","pdi, avaliacao"
63ec60db-c25c-4be5-b009-d7753e198852,Sunnyvale,Mid,13526,50,Everton Chaiko,Hosana Freitas,Onboarding,avaliacao,avaliacao
331f8969-564a-4a2c-aa14-9fb24df71689,Tecnosulfur,High,"22965,3",30,Paulo Pisano,Caio Pinho,Ongoing,"avaliacao, pdi, metas","avaliacao, pdi, metas"
e34e98e5-3199-4d99-bceb-be22c50d1b3a,TERRAMUNDI Viagens,Low,"6465,49",50,CS Impulseup,Leonardo Alves,Ongoing,"pdi, avaliacao","pdi, avaliacao"
390a1bc2-2a30-4475-92ec-b361cc0b4d51,The Beat Training,Tech,"5420,18",10,CS Impulseup,Lucas Henrique,Ongoing,"pdi, avaliacao","pdi, avaliacao"
8bc04b2c-a543-4978-8cc4-49c3eadd6b26,Tigre ADS,High,"44081,52",10,Alexandra Cunha,Taiana Araujo,Ongoing,"pdi, avaliacao, metas, pesquisas","pdi, avaliacao, metas, pesquisas"
7bc687f8-ed16-4f56-af98-6dd3d944fc58,Total Express,High,"9727,4",10,Paulo Pisano,Marcela Bonin,Ongoing,"pdi, avaliacao","pdi, avaliacao"
3e302dc0-bae2-4e4a-b865-0693b9014258,Unimed Federaçao ES,Tech,"2354,81",20,CS Impulseup,Lucas Henrique,Ongoing,"pdi, avaliacao, pesquisas","pdi, avaliacao, pesquisas"
f373b632-33ce-46d1-8569-bed1f2b296ca,Unimed Inconfidentes Oficial,Tech,"4023,25",10,Ana Beatriz Glasner,Lucas Henrique,Onboarding,"pdi, avaliacao","pdi, avaliacao"
b4f6195c-458e-41fc-859a-4454de395b16,Unimed MG,Mid,"11630,85",10,Alexandra Cunha,Andresa Carmo,Onboarding,"pdi, avaliacao","pdi, avaliacao"
a5528f3e-42d9-4fa1-a099-069286ec514d,Unimed Poços de Caldas,High,25182,20,Everton Chaiko,Caio Pinho,Onboarding,"pdi, avaliacao","pdi, avaliacao"
9ec3b2f1-9fb0-4137-9152-cea132eb4066,Vamtec Group,High,0,45,Paulo Pisano,Raul Cariello,Onboarding,"pdi, avaliacao, metas, avaliacaodeexperiencia, pesquisas","pdi, avaliacao, metas, avaliacaodeexperiencia, pesquisas"
7c5d98ec-f7fc-4889-8c84-0d3fab68d7e9,[B2HR] Fipecq Vida,Low,"6448,22",20,CS Impulseup,Lucas Henrique,Ongoing,"pdi, avaliacao, pesquisas","pdi, avaliacao, pesquisas"
4428d387-702b-4ecd-ba2c-649b7b28cc3c,[Gomes de Matos] Rede Damas,High,"29841,23",20,Camila Fortes,Taiana Araujo,Onboarding,"pdi, avaliacao, metas","pdi, avaliacao, metas"
089d58f9-10dd-435e-bfb0-f1806a10d0df,[Stefanini] Cyber,A definir,"8876,62",20,Everton Chaiko,Raul Cariello,Onboarding,avaliacao,avaliacao
ebd0668e-5b8b-48b0-8f83-07342a3470d0,[Stefanini] Haus,Low,"19247,75",65,Alexandra Cunha,Raul Cariello,Onboarding,avaliacao,avaliacao
93b6e943-393c-444a-a993-638709981990,[Stefanini] IHM,Mid,"10920,71",35,Everton Chaiko,Raul Cariello,Onboarding,avaliacao,avaliacao
3a56a466-2eb1-4fc8-b702-3fb4b934f0af,[Stefanini] N1,Tech,"340,58",10,Everton Chaiko,Raul Cariello,Onboarding,avaliacao,avaliacao
19901a7f-37cc-4a31-9a28-bec2d5a207c9,[Stefanini] Orbitall Payments,Mid,"4286,38",20,Everton Chaiko,Raul Cariello,Ongoing,avaliacao,avaliacao
dfb2331a-c299-45b1-bd99-ca679e557f77,[Stefanini] Teccloud,Tech,"518,73",20,Everton Chaiko,Raul Cariello,Onboarding,avaliacao,avaliacao
7250d182-d294-4588-aada-d50f1f13e6b9,"[Stefanini] Torre Consórcios (New M, Triplo X, C5 e Inlira)",Tech,"3713,04",20,Everton Chaiko,Raul Cariello,Ongoing,avaliacao,avaliacao
d601832b-f714-4009-b6b7-5484d490547f,[Terceiro] Mandelli Consultores,Tech,"2861,6",50,CS Impulseup,Lucas Henrique,Ongoing,"pdi, avaliacao","pdi, avaliacao"
d32e1960-e4bc-4259-a922-5f9478046bc1,Ademicon,Enterprise,"75955,66",25,Camila Fortes,Marcela Bonin,Onboarding,"pdi, avaliacao, metas","pdi, avaliacao, metas"
216ed1f8-ed6f-422e-b55b-3222aa0c556f,Agência Vianews,Tech,"3097,6",30,Ana Beatriz Glasner,Lucas Henrique,Onboarding,"pdi, avaliacao","pdi, avaliacao"
787895eb-aed9-44d5-a463-ebe2167e4185,Alpar,Low,"9474,4",20,CS Impulseup,Leonardo Alves,Ongoing,"pdi, avaliacao","pdi, avaliacao"
35ae3e49-b84c-4c5c-a9cf-f14f3ecb3e1b,American School of Recife,Low,"5865,8",90,Paulo Pisano,Lucas Henrique,Ongoing,"pdi, avaliacao, avaliacaodeexperiencia","pdi, avaliacao, avaliacaodeexperiencia"
7037e1db-223f-466a-a38c-5e3e68f60b19,Andrade Goiana,Tech,"2208,72",90,CS Impulseup,Lucas Henrique,Ongoing,"pdi, avaliacao","pdi, avaliacao"
1539ac90-b5ec-4597-b06d-8d24c48060b8,ANEC,Tech,3750,30,Everton Chaiko,Lucas Henrique,Onboarding,avaliacao,avaliacao
8f9f21ed-88b8-4423-b560-ce858fe1539d,Asvotec Termoindustrial LTDA,Tech,5007,20,CS Impulseup,Leonardo Alves,Ongoing,"pdi, avaliacao","pdi, avaliacao"
497a860f-df86-413b-b72d-2cf843bb843e,B2HR,Tech,3585,20,CS Impulseup,Leonardo Alves,Ongoing,"pdi, avaliacao","pdi, avaliacao"
a8a0d5f9-5aec-422a-bcb0-8c47844c59b7,Baumer,Tech,"3795,5",60,CS Impulseup,Lucas Henrique,Ongoing,"pdi, avaliacao","pdi, avaliacao"
7c4d0e68-d2dd-436f-91bd-e8ab840f8168,bertonengenharia.com.br,Tech,"1742,05",50,CS Impulseup,Lucas Henrique,Ongoing,"pdi, avaliacao","pdi, avaliacao"
9c06bc53-4db7-4e59-9e3b-ce323a0c8978,Braniva Indústria Mecânica LTDA,Low,"7108,17",30,CS Impulseup,Lucas Henrique,Ongoing,"pdi, avaliacao, pesquisas","pdi, avaliacao, pesquisas"
01950731-b756-411f-a1f2-12bc59346628,BRB Card,High,"33039,52",70,Alexandra Cunha,Caio Pinho,Ongoing,"avaliacao, metas, pdi","avaliacao, metas, pdi"
6b7061b7-b824-43a8-86bc-194b7618f288,Cannect,Tech,"4455,62",80,Maria Marcílio,Lucas Henrique,,"avaliacao, pesquisas","avaliacao, pesquisas"
d248417b-c702-43f7-8f94-5cd29f8c74fd,Casa Orange,Mid,"15869,38",20,CS Impulseup,Natália Baldivia,Ongoing,"pdi, avaliacao, metas, pesquisas","pdi, avaliacao, metas, pesquisas"
ca3a7b43-b052-45ee-b4d7-a9923e78b523,Cibra,High,"53620,29",20,Paulo Pisano,Raul Cariello,Ongoing,"pdi, avaliacao","pdi, avaliacao"
ec9ded09-503b-4f1b-97aa-d26534f2dba3,C-Innovation,Low,"5514,33",20,Paulo Pisano,Raul Cariello,Ongoing,"pdi, avaliacao","pdi, avaliacao"
adbf225e-7524-4c9d-88dd-def97435527d,Cloud Target,A definir,0,100,Ana Beatriz Glasner,Leonardo Alves,,"avaliacao, pdi","avaliacao, pdi"
989e67c3-a580-467f-aee0-1235c09d92f9,Comlink Equipamentos Eltrônicos,Tech,"3111,41",30,CS Impulseup,Lucas Henrique,Ongoing,"pdi, avaliacao, pesquisas","pdi, avaliacao, pesquisas"
bc0a9a3c-0827-4f81-a3ce-0d3c4f2b1983,Continental,Tech,"5217,8",50,CS Impulseup,Lucas Henrique,Ongoing,"pdi, avaliacao","pdi, avaliacao"
a8e709a6-3b4a-4c1c-8899-a8875f7e5cd2,Contisystems,Mid,"15371,21",20,Alexandra Cunha,Andresa Carmo,Onboarding,"pdi, avaliacao","pdi, avaliacao"
aba375cf-6be4-4733-9094-5d9d83785007,Cooperativa de Crédito Cogem,Tech,"2799,33",10,CS Impulseup,Lucas Henrique,Ongoing,"pdi, avaliacao, metas","pdi, avaliacao, metas"
d46c1486-afc5-4f83-867a-7b44e8b6cb57,CRP Tecnologia,Low,"10893,35",60,CS Impulseup,Andresa Carmo,Ongoing,"pdi, avaliacao","pdi, avaliacao"
07946d7a-7b18-450a-a133-845c5bd211c5,CS Metal,Low,"7917,25",50,Everton Chaiko,Leonardo Alves,Ongoing,"pdi, avaliacao","pdi, avaliacao"
4725dfda-143b-452c-b1ee-56fcbf0480bd,Disbahia,A definir,0,30,CS Impulseup,Lucas Henrique,Ongoing,"pdi, avaliacao, metas, pesquisas","pdi, avaliacao, metas, pesquisas"
371b7b30-c07c-474d-934c-5bb1328cea17,Dosso Toledo Advogad,Tech,"1739,98",20,CS Impulseup,Lucas Henrique,Ongoing,"avaliacao, pdi","avaliacao, pdi"
02a11c97-55c4-4175-b8ef-f9e22ddc99a6,EBM,Enterprise,"58945,8",30,Maria Marcílio,Marcela Bonin,Ongoing,"pdi, avaliacao","pdi, avaliacao"
802cea10-b09f-4c1b-a772-3314cd214951,Empresa Jr Adm UFBA,Low,"6109,82",30,Everton Chaiko,Lucas Henrique,Ongoing,"pdi, avaliacao, pesquisas","pdi, avaliacao, pesquisas"
cee5d5e2-dfed-4421-aeff-d0cd1997954b,ERG Engenharia,Low,7393,20,Everton Chaiko,Leonardo Alves,Ongoing,"pdi, avaliacao","pdi, avaliacao"
7e964634-b032-49ae-8efb-9beec57e5746,Eu Quero Investir,Enterprise,"64018,93",35,CS Impulseup,Raul Cariello,Onboarding,"pdi, avaliacao","pdi, avaliacao"
e6c1a3e4-527f-4016-9fee-1cc6307b8411,Farm Solutions,Tech,"1213,44",90,CS Impulseup,Lucas Henrique,Ongoing,"pdi, avaliacao","pdi, avaliacao"
bdb55ec0-6e28-4c88-ba49-e5251a2bcce4,Fernanda Marques Arquitetura,Tech,4336,50,CS Impulseup,Lucas Henrique,Ongoing,"pdi, avaliacao","pdi, avaliacao"
e2667dc0-6c7b-45db-af45-6bdf6ea5f928,Fini Guloseimas,Enterprise,"121904,37",60,Tati Lima,Marcela Bonin,Onboarding,"pdi, avaliacao, metas","pdi, avaliacao, metas"
85e593e3-286a-42a0-91cb-25f3923d9e79,Fornac Fundição de Aços Especiais Ltda,Low,"8039,85",50,Ana Beatriz Glasner,Leonardo Alves,Ongoing,"pdi, avaliacao","pdi, avaliacao"
a7570244-da74-4b1f-80b1-f0fb4760a53e,Grupo Aliança,Mid,"12187,2",20,CS Impulseup,Andresa Carmo,Ongoing,"pdi, avaliacao, pesquisas","pdi, avaliacao, pesquisas"
81ab75cc-7954-4051-8458-6c31cd618cf4,Grupo Ettori,Low,"5536,89",20,CS Impulseup,Lucas Henrique,Ongoing,"pdi, avaliacao","pdi, avaliacao"
faaf7b3a-5a33-4c1d-a009-e85b8fdc95e0,Grupo Fiscal do Brasil,Mid,"15725,67",10,CS Impulseup,Caio Pinho,Onboarding,"pdi, avaliacao, metas, pesquisas","pdi, avaliacao, metas, pesquisas"
7cb92824-fb61-4d13-ab77-05369c5abffa,Grupo Soifer - PÁTIO BATEL,Tech,"5171,6",20,Ana Beatriz Glasner,Leonardo Alves,Ongoing,"avaliacao, pdi","avaliacao, pdi"
3c541ea0-d75c-4287-b6e9-e4782f347671,Grupo Terral,Mid,"33082,4",10,Everton Chaiko,Taiana Araujo,Ongoing,"avaliacao, pdi","avaliacao, pdi"
71261212-f5ff-4c3f-a3b0-4b8120b821b3,Habitat Incorporadora,Low,"6165,49",50,Maria Marcílio,Lucas Henrique,Ongoing,"pdi, avaliacao, avaliacaodeexperiencia","pdi, avaliacao, avaliacaodeexperiencia"
d5fda2b9-bc48-4a32-bc07-cd3f6ec691bd,Icofort,Mid,12500,50,CS Impulseup,Natália Baldivia,Ongoing,"pdi, avaliacao","pdi, avaliacao"
cadc518a-f228-4d7c-b515-c381ff099c78,Imaflora,Low,"6640,72",60,CS Impulseup,Lucas Henrique,Ongoing,"pdi, avaliacao","pdi, avaliacao"
2092b997-eaf0-4b3d-a658-e0edf0a80866,Indaco Indústria e Comércio,Low,"9915,8",20,CS Impulseup,Andresa Carmo,Ongoing,"pdi, avaliacao","pdi, avaliacao"
e2886c88-c9c7-4000-904d-d423da4c5844,Infolev Elevadores & Informática Ltda,Low,"7380,3",20,CS Impulseup,Lucas Henrique,Ongoing,"avaliacao, pdi","avaliacao, pdi"
25b37ff6-6ad9-4902-aa7c-bc709ca3311b,Ipanema Coffees,Low,6500,65,CS Impulseup,Lucas Henrique,Ongoing,"pdi, avaliacao","pdi, avaliacao"
529db625-ff41-4ea0-b9e5-24a0619444f3,ITV URBANISMO,Low,"6698,43",10,CS Impulseup,Lucas Henrique,Ongoing,"pdi, avaliacao","pdi, avaliacao"
355f2767-8e60-4ee6-909e-d2dac3bc6b5e,JMD Urbanismo,Low,"6760,2",20,CS Impulseup,Lucas Henrique,Ongoing,"pdi, avaliacao","pdi, avaliacao"
79a48d97-01d5-4f06-ab61-3a34aa1c1ec2,Kompa,Tech,3612,60,CS Impulseup,Lucas Henrique,Ongoing,"pdi, avaliacao, metas, pesquisas","pdi, avaliacao, metas, pesquisas"
2a319119-c5d0-4e90-a26c-32931ed8fe03,L2Par,Mid,19446,100,Ana Beatriz Glasner,Taiana Araujo,Onboarding,"avaliacao, pdi","avaliacao, pdi"
ac0f27f8-e56d-40f8-9e0b-3f6b87adb4c5,Lopes Muniz,Tech,"1705,22",50,CS Impulseup,Lucas Henrique,Ongoing,"pdi, avaliacao","pdi, avaliacao"
73b3ab27-520d-43f0-99bb-d66ebf22a6b6,Mac Jee,Low,"7573,35",20,Paulo Pisano,Leonardo Alves,Onboarding,"pdi, avaliacao","pdi, avaliacao"
60940052-aa29-462d-86d9-deb02d03654c,Marcher Brasil Agroindustrial SA,Low,"9074,53",35,Everton Chaiko,Andresa Carmo,Onboarding,"pdi, avaliacao, metas","pdi, avaliacao, metas"
1dce61b9-cab5-4889-a1bb-4d978c1ba8ab,Medicamental,Mid,"17958,78",20,CS Impulseup,Natália Baldivia,Ongoing,"pdi, avaliacao, metas, avaliacaodeexperiencia","pdi, avaliacao, metas, avaliacaodeexperiencia"
51df6c1e-edef-48f7-bfa8-bb1749be8d46,Mirante Tecnologia,High,"30737,5",50,Camila Fortes,Taiana Araujo,Ongoing,"pdi, avaliacao","pdi, avaliacao"
8b92ca81-bc45-42ee-a598-2322d9c01896,MSA MSAmbrogio do Brasil Ltda,Low,8778,80,CS Impulseup,Leonardo Alves,Ongoing,"pdi, avaliacao","pdi, avaliacao"
5eece637-8863-4dc2-8210-b993c286d327,Natrio,High,"31902,35",30,Ana Beatriz Glasner,Natália Baldivia,Ongoing,"avaliacao, pdi","avaliacao, pdi"
a22ec598-9218-4866-9154-dd46050495fb,Norte Energia,Enterprise,"79727,2",80,Alexandra Cunha,Marcela Bonin,Onboarding,"pdi, avaliacao, metas, pesquisas","pdi, avaliacao, metas, pesquisas"
8f69d418-b260-4cc5-a180-06b94ee1846a,OMNIdata,Mid,"10096,16",10,CS Impulseup,Hosana Freitas,Ongoing,"pdi, avaliacao, metas","pdi, avaliacao, metas"
db777826-2191-4ceb-9df2-07a95911ef2f,One Investimentos,A definir,"14409,38",80,Maria Marcílio,Hosana Freitas,Ongoing,"avaliacao, pdi","avaliacao, pdi"
5619edb1-8b17-4e57-a895-621066000347,Orthometric,Mid,"12174,88",20,Larissah Pereira,Andresa Carmo,Ongoing,"pdi, avaliacao","pdi, avaliacao"
54c6e989-6b55-4f1f-9edc-da1a51ed349c,Ouro Fino Saude Animal Participacoes SA,Enterprise,"104318,37",10,Alexandra Cunha,Raul Cariello,Ongoing,"pdi, avaliacao, metas","pdi, avaliacao, metas"
6b07fad3-b4d6-4e41-a0bd-70f7280053d6,PASA - Plano de Assistência à Saúde dos Aposentados da Vale,Mid,19467,10,CS Impulseup,Andresa Carmo,Ongoing,"pdi, avaliacao","pdi, avaliacao"
a9da5966-124a-4109-ba44-38c80e91f186,Planisa Planejamento e Organização de Instituições de Saúde,Low,"6736,89",10,Everton Chaiko,Natália Baldivia,Onboarding,"pdi, avaliacao","pdi, avaliacao"
fbcbc58f-813c-4844-98ec-f7bf3de3c6d1,Pollo Engenharia,Mid,"16066,56",60,CS Impulseup,Hosana Freitas,Ongoing,"pdi, avaliacao, metas","pdi, avaliacao, metas"
097ad4e4-5a9a-401d-bca0-be824392327c,Porsche Consulting,Tech,2266,20,CS Impulseup,Lucas Henrique,Ongoing,"pdi, avaliacao","pdi, avaliacao"
570444cc-9eae-4309-ad8d-98fc36ead9ac,PQR MA2 ENGENHARIA,Low,"7013,5",10,CS Impulseup,Leonardo Alves,Ongoing,"pdi, avaliacao, pesquisas","pdi, avaliacao, pesquisas"
51ee4d72-0c6a-4aea-829d-7929c3335b17,Prakolar Sato,Mid,"10464,66",80,Ana Beatriz Glasner,Andresa Carmo,Ongoing,"avaliacao, metas, pdi","avaliacao, metas, pdi"
8c5ab48f-24ff-4e0d-a66f-bffe0db84c5e,ProfiGen,Low,"7201,04",20,CS Impulseup,Andresa Carmo,Onboarding,"pdi, avaliacao, metas","pdi, avaliacao, metas"
47d0c939-9171-41e7-a905-c24abd1f9ada,Pros Agência de Comunicação ltda,Mid,14000,50,CS Impulseup,Hosana Freitas,Ongoing,"pdi, avaliacao","pdi, avaliacao"
be47da48-7690-454a-b3fd-76166b3f817b,Rede Gazeta,High,"28123,14",20,Camila Fortes,Taiana Araujo,Onboarding,"pdi, avaliacao","pdi, avaliacao"
9b9a69a8-7ade-4749-be55-3c345b0844ca,Rodobens,A definir,0,45,Paulo Pisano,Raul Cariello,Onboarding,"pdi, avaliacao","pdi, avaliacao"
3718e8bf-f325-41c2-95fb-a1b651f9bef8,Rolim,Mid,"11869,4",60,CS Impulseup,Andresa Carmo,Ongoing,"pdi, avaliacao","pdi, avaliacao"
9d2231fe-3fe5-4378-870e-8ec1ebe80652,Rouxinol Turismo,Low,"5730,36",50,CS Impulseup,Lucas Henrique,Ongoing,"pdi, avaliacao","pdi, avaliacao"
25bf3c84-58c9-41f7-8920-46c36e07bbda,S.O.S. Vida,Tech,"4025,4",20,CS Impulseup,Leonardo Alves,Ongoing,"avaliacao, pesquisas","avaliacao, pesquisas"
62dd612e-4a41-4e48-874a-c1d29d4c6a39,SOMMA Investimentos,Low,"6856,95",20,CS Impulseup,Lucas Henrique,Ongoing,"pdi, avaliacao","pdi, avaliacao"
6092e8c4-c0fe-4f75-bbbf-790abe270dbd,Suno Research,High,"68972,4",30,Everton Chaiko,Taiana Araujo,Onboarding,"pdi, avaliacao","pdi, avaliacao"
02287c17-ceba-4fa0-8e94-1a1468a4a038,Target Software,Low,8100,70,CS Impulseup,Leonardo Alves,Ongoing,"pdi, avaliacao","pdi, avaliacao"
ce37e463-ccde-44ff-9221-5fce93769fc1,Termolar,High,26248,20,Maria Marcílio,Caio Pinho,Onboarding,avaliacao,avaliacao
e43072c4-5bd4-431c-95fd-105a95f5481d,Trane Technologies,Tech,"3405,6",40,Ana Beatriz Glasner,Lucas Henrique,Ongoing,"avaliacao, metas","avaliacao, metas"
28fd2ae9-73c7-471e-92b0-fe0534bed693,TrueChange,Mid,0,35,CS Impulseup,Andresa Carmo,Ongoing,"pdi, avaliacao","pdi, avaliacao"
a3a85371-1735-4f75-8721-da6db1e4caaf,UNICARGO,Mid,"17358,79",30,Maria Marcílio,Natália Baldivia,Ongoing,"pdi, avaliacao, metas, pesquisas","pdi, avaliacao, metas, pesquisas"
aeb6995a-b77b-43e1-bbd5-442cb06f9e62,Unimed Centro-Oeste,Mid,"17382,4",30,CS Impulseup,Natália Baldivia,Ongoing,"pdi, avaliacao","pdi, avaliacao"
ced753eb-08ae-47fb-af6f-9ab4dd35c13a,Unimed Vale do Sepotuba,Low,"10054,63",80,Maria Marcílio,Leonardo Alves,Ongoing,"pdi, avaliacao","pdi, avaliacao"
8a268d93-9347-41be-a53a-cd4c51d72e84,Unimed Vitória,Enterprise,"146847,91",35,Camila Fortes,Marcela Bonin,Ongoing,"pdi, avaliacao, pesquisas","pdi, avaliacao, pesquisas"
31e024cb-e76c-45dd-ab79-8e2e8ee1efe7,Unimed Volta Redonda,Mid,"13213,5",30,Alexandra Cunha,Hosana Freitas,Onboarding,"pdi, avaliacao","pdi, avaliacao"
b4dba307-5133-418a-8440-ad58b558e242,Usina Batatais,Mid,"23568,6",20,Alexandra Cunha,Caio Pinho,Ongoing,"pdi, avaliacao","pdi, avaliacao"
85139a77-61ba-4a73-9d43-c24bc7ba4219,Vector Relações Governamentais,Tech,4500,10,Ana Beatriz Glasner,Lucas Henrique,Ongoing,"avaliacao, pdi","avaliacao, pdi"
6fbeb4e7-4d7e-48c4-a5ed-94f1597f33ea,volus,High,"27704,42",30,Alexandra Cunha,Caio Pinho,Onboarding,"pdi, avaliacao, metas, pesquisas","pdi, avaliacao, metas, pesquisas"
87ba3dc5-bd83-46a2-baf3-b3bce0e29e60,vrrecife.com.br,Tech,"1701,3",20,CS Impulseup,Lucas Henrique,Ongoing,"pdi, metas","pdi, metas"
dca352db-b433-41fb-a7ba-0ddcc0fcfbda,World Vision International,Tech,3000,80,CS Impulseup,Lucas Henrique,Ongoing,"pdi, avaliacao","pdi, avaliacao"
073bf6f5-f9a3-41da-b264-9664f0e18813,Zattar seguros,Mid,9009,80,CS Impulseup,Leonardo Alves,Ongoing,"avaliacao, pesquisas, pdi","avaliacao, pesquisas, pdi"
6f4617ba-e1cf-456f-a3e0-8043e638e3a2,[Cristiane RH] TV Paranaiba,High,"24926,4",40,Everton Chaiko,Taiana Araujo,Ongoing,"avaliacao, pdi, metas, pesquisas","avaliacao, pdi, metas, pesquisas"
2d67ee20-2e24-40fe-a5f6-29202fda5419,[Stefanini] Scala,Mid,"4368,28",40,Everton Chaiko,Raul Cariello,Onboarding,avaliacao,avaliacao
bb00e651-ab88-4001-bc72-e84f9be173a9,ABN - Asgaard Bourbon Navegação ,Mid,13662,80,Paulo Pisano,Andresa Carmo,Ongoing,"avaliacao, pdi","avaliacao, pdi"
8e981479-debd-4208-a63a-0e9a8ab0dc9f,ANBIMA,Low,"79171,52",60,Camila Fortes,Caio Pinho,Ongoing,"avaliacao, avaliacaodeexperiencia, pdi, metas, pesquisas","avaliacao, avaliacaodeexperiencia, pdi, metas, pesquisas"
750e56d6-ce99-4d70-ba74-aadae4f8a426,ASA Indústria,High,"26380,15",50,Alexandra Cunha,Raul Cariello,Ongoing,"avaliacao, pdi","avaliacao, pdi"
4fa158be-d77d-4be2-ae8b-d926db86a1da,"Athié Wohnrath
",High,51012,70,Camila Fortes,Taiana Araujo,Ongoing,"avaliacao, pdi","avaliacao, pdi"
a65fec9d-8f7e-430a-97cb-3b438134e611,Automind,Mid,15960,50,Maria Marcílio,Leonardo Alves,Ongoing,"avaliacao, pdi, pesquisas","avaliacao, pdi, pesquisas"
d37d183e-c051-41e7-8cc0-b29fa8a95394,Avine,High,31104,50,Alexandra Cunha,Taiana Araujo,Ongoing,"avaliacao, avaliacaodeexperiencia, pdi, metas, pesquisas","avaliacao, avaliacaodeexperiencia, pdi, metas, pesquisas"
b7401207-3a2b-4685-9da8-70f17e7e3d67,baruel.com.br,High,46000,70,Alexandra Cunha,Raul Cariello,Ongoing,"avaliacao, pdi, avaliacaodeexperiencia, metas, pesquisas, remuneracao variavel","avaliacao, pdi, avaliacaodeexperiencia, metas, pesquisas, remuneracao variavel"
0b18e6de-79ce-4ddb-afdf-c9dd7656ec68,Bioplanta Nutrição Vegetal,Mid,"18757,13",30,Everton Chaiko,Natália Baldivia,Onboarding,"pdi, metas, pesquisas","pdi, metas, pesquisas"
e29e7445-7761-4771-9802-91d72643d43c,Box Magenta,Low,9000,90,Maria Marcílio,Natália Baldivia,Ongoing,"avaliacao, pdi, metas, pesquisas","avaliacao, pdi, metas, pesquisas"
fe7a252d-4ebc-47e5-8f1f-281243ef4a11,Caixa Capitalização,A definir,"6822,68",50,Ana Beatriz Glasner,Leonardo Alves,Ongoing,"avaliacao, metas","avaliacao, metas"
d143f6f2-3416-4dce-9f88-0c928c5c0393,Casembrapa,Low,8970,80,Paulo Pisano,Leonardo Alves,Ongoing,"avaliacao, pdi","avaliacao, pdi"
e41cd8e1-7292-4f38-a211-51b37eb2d0ad,Ceisc,High,"27663,75",80,Paulo Pisano,Raul Cariello,Ongoing,"avaliacao, pdi","avaliacao, pdi"
5ac96cea-c662-4d7f-9738-7e02627aff74,CFOAB,Mid,"18860,4",60,Everton Chaiko,Caio Pinho,Ongoing,"avaliacao, pdi","avaliacao, pdi"
29df8db2-a5da-4fc4-b8a5-a18e4220ccdf,Cia Máquinas Ltda.,Tech,"3551,4",10,Paulo Pisano,Lucas Henrique,Ongoing,"pdi, avaliacao","pdi, avaliacao"
cd0a7a1d-2e8d-4711-8288-439d53438b2d,Clean Tech Pro,Mid,10800,90,Maria Marcílio,Andresa Carmo,Ongoing,"metas, pdi, pesquisas, avaliacao","metas, pdi, pesquisas, avaliacao"
f7dec010-13e7-4d44-b844-55fd5a88b16b,Cobmax Escale,Mid,"21373,83",50,Ana Beatriz Glasner,Caio Pinho,Onboarding,"pdi, avaliacao","pdi, avaliacao"
2b551abd-7e7d-48a9-91a8-fc681efb6af5,Companhia de Estágios,Low,9500,20,Ana Beatriz Glasner,Hosana Freitas,Ongoing,"avaliacao, pdi","avaliacao, pdi"
4549f2d8-f1fb-44f1-a34c-e787012b899f,Construtora Camargo Corrêa,Low,"5936,62",50,Ana Beatriz Glasner,Caio Pinho,Ongoing,"pdi, avaliacao","pdi, avaliacao"
8291b73a-2df4-4ade-bd1c-bc09821a7557,Crowe,High,"36704,79",80,Alexandra Cunha,Taiana Araujo,Ongoing,"avaliacao, pdi, metas","avaliacao, pdi, metas"
aaa36b80-73c6-4335-b2bb-b4164cc003e2,Dacarto,Mid,24000,20,Alexandra Cunha,Taiana Araujo,Onboarding,"avaliacao, pdi","avaliacao, pdi"
de92b5da-a6e4-44e6-997d-2715bff1c275,Disbrava Chevrolet,Mid,"24958,63",50,Everton Chaiko,Caio Pinho,Ongoing,"avaliacao, pdi, pesquisas","avaliacao, pdi, pesquisas"
ef5ca373-dc03-42b3-bdb9-0f3bf0f1bae2,Distribuidora Gauchafarma,Tech,"2366,2",75,Paulo Pisano,Leonardo Alves,Onboarding,"pdi, avaliacao","pdi, avaliacao"
50cd8847-8594-4e47-9a3f-8ddf870076c6,Dreis Consultoria,Tech,"774,4",20,CS Impulseup,Lucas Henrique,Ongoing,"pdi, avaliacao","pdi, avaliacao"
ca5a07bc-163d-4b4f-99bc-dd93bc45d358,Emive,High,51100,80,Alexandra Cunha,Raul Cariello,Onboarding,"avaliacao, metas, pesquisas, pdi","avaliacao, metas, pesquisas, pdi"
d4b2fe7c-4829-45b3-b8a4-063514d1a7f5,Empreiteira Sousa Rabelo,Mid,23631,80,Everton Chaiko,Leonardo Alves,,"avaliacao, avaliacaodeexperiencia","avaliacao, avaliacaodeexperiencia"
075a1556-a0ac-47aa-944f-68aa84b8e718,EMPRO Tecnologia e Informação,Low,9480,20,Maria Marcílio,Taiana Araujo,Onboarding,"pdi, avaliacao","pdi, avaliacao"
dff4b00e-194b-48f0-aa8b-ad3c020b8f3c,Energia Pecém,Mid,21500,80,Paulo Pisano,Natália Baldivia,Onboarding,"avaliacao, pdi, metas, pesquisas, remuneracao variavel","avaliacao, pdi, metas, pesquisas, remuneracao variavel"
843e8113-b005-40d4-803d-cf078ea3fd5d,Engravida,Low,"10479,75",20,Ana Beatriz Glasner,Andresa Carmo,Ongoing,"pdi, avaliacao, pesquisas","pdi, avaliacao, pesquisas"
32e75e57-6da9-4eb1-943c-474998238b3a,ESPRO,High,"33844,67",100,Paulo Pisano,Caio Pinho,Ongoing,"avaliacao, pdi","avaliacao, pdi"
8cb0131d-3cc4-4074-b4dc-158044de0601,Estre Ambiental,Mid,11780,80,Camila Fortes,Marcela Bonin,Ongoing,"avaliacao, pdi","avaliacao, pdi"
a4579734-2ac9-47ba-a3f9-52c412462504,Expeditors,Mid,"22771,2",20,Ana Beatriz Glasner,Natália Baldivia,Ongoing,"pdi, avaliacao","pdi, avaliacao"
b60534d3-1ffd-4de1-829a-a06fa79c6d52,EZTEC,Mid,"24379,2",60,CS Impulseup,Caio Pinho,Ongoing,"avaliacao, pdi","avaliacao, pdi"
15b9ec2b-30ae-4e88-ab1a-7c7a8aedace1,Farmácias Nissei,High,50000,80,Camila Fortes,Caio Pinho,Ongoing,"avaliacao, pdi","avaliacao, pdi"
47d783e8-1ed8-4ec6-999c-4007517e43fe,Farmacotécnica,Low,8910,90,Maria Marcílio,Leonardo Alves,Onboarding,"avaliacao, avaliacaodeexperiencia, pdi","avaliacao, avaliacaodeexperiencia, pdi"
90c9d392-ffc8-4267-84cc-89343dcbdb5a,Fbiz,High,"45897,6",90,Camila Fortes,Caio Pinho,Ongoing,"avaliacao, pdi, pesquisas","avaliacao, pdi, pesquisas"
954c8a70-bdb7-4111-963d-969f52dfaa15,ffm.br,High,"30046,5",80,Paulo Pisano,Marcela Bonin,Ongoing,"avaliacao, pdi, learning","avaliacao, pdi, learning"
280fda4e-e709-4521-967a-8d864766b353,FrogPay Solução em Pagamentos,Tech,0,20,CS Impulseup,Hosana Freitas,Ongoing,"avaliacao, pdi, metas, pesquisas","avaliacao, pdi, metas, pesquisas"
7728593f-c6d1-4264-b52d-e29687d6a240,Fundatec,Mid,"14069,8",100,Maria Marcílio,Hosana Freitas,Ongoing,avaliacao,avaliacao
e4c35726-721b-490e-ad6e-6935ee103277,Garcia Monteiro,Low,6277,80,Paulo Pisano,Taiana Araujo,Ongoing,"pdi, avaliacao","pdi, avaliacao"
f357a3af-039a-4b43-a75a-6863f427d81f,Gold Food,Mid,17710,70,Maria Marcílio,Natália Baldivia,Ongoing,"avaliacao, pdi, metas","avaliacao, pdi, metas"
35c36595-e111-4133-a4c4-c2ace0cdcb02,golev.com.br,High,"37105,67",70,Paulo Pisano,Raul Cariello,Ongoing,"avaliacao, pdi, pesquisas","avaliacao, pdi, pesquisas"
c98e40c5-eb47-4b9d-8df5-77ce63bcbc63,Gráfica Gonçalves,Low,9000,60,Maria Marcílio,Hosana Freitas,Ongoing,"avaliacao, pdi, metas, pesquisas","avaliacao, pdi, metas, pesquisas"
6dcb02c1-b1b1-4e9f-87b3-4ec855b6186d,Granito pagamentos,Enterprise,"73281,6",40,Camila Fortes,Marcela Bonin,Ongoing,"avaliacao, pdi, metas, pesquisas","avaliacao, pdi, metas, pesquisas"
b6dfe730-dd8b-44c2-b986-71363b5b5cf0,Grupo CEV,Low,5754,60,CS Impulseup,Lucas Henrique,Ongoing,"pdi, metas","pdi, metas"
9e3ccb3e-b4bc-42c5-ad56-0cf0a6df9e38,Grupo Cisbra,Mid,"12820,46",65,Everton Chaiko,Hosana Freitas,Onboarding,"pdi, avaliacao, pesquisas","pdi, avaliacao, pesquisas"
f688a469-3619-449a-8742-c6922a6fac77,Grupo Decio,High,36610,90,Maria Marcílio,Taiana Araujo,Onboarding,"avaliacao, pdi, metas","avaliacao, pdi, metas"
a9f0aa18-0e5b-4532-a700-d7f56cee755e,Grupo Urbam,Mid,15840,100,CS Impulseup,Caio Pinho,Ongoing,metas,metas
5b104358-c703-460e-9bd2-a3ba5d79838f,Grupo Zarin,Mid,15580,50,Maria Marcílio,Hosana Freitas,Ongoing,"pdi, metas","pdi, metas"
10fd31e2-eceb-49ee-8e5e-36867f400ad6,Hiper Select,High,52200,80,Maria Marcílio,Taiana Araujo,Ongoing,"avaliacao, pdi, pesquisas","avaliacao, pdi, pesquisas"
b270d4a8-fec2-4266-8c87-ade7f68cf4f7,horita.com.br,Low,7777,50,Paulo Pisano,Andresa Carmo,Ongoing,avaliacao,avaliacao
4177f4ff-0ae3-45ea-8390-1e161ed14b23,Hospital de Baependi,Mid,"15581,8",20,Ana Beatriz Glasner,Caio Pinho,Onboarding,"avaliacao, pdi","avaliacao, pdi"
e497f872-b4a0-414a-985e-9960fe5cccd0,Humanplace,Mid,22338,80,,Hosana Freitas,Ongoing,"avaliacao, pesquisas, pdi","avaliacao, pesquisas, pdi"
23d7204e-91ad-41da-9e0a-f6f3b0fe0907,Impulseup,A definir,0,90,Luísa Schimidt,João Lopes,Onboarding,,
cd83b425-015f-4b0e-950e-eb744adb2531,Indústrias Colombo,Mid,"20975,94",50,,Natália Baldivia,Ongoing,"pdi, avaliacao","pdi, avaliacao"
880e7ccb-10c0-40b6-89f9-9e5fd753fd1c,Inventa Shop,Low,10181,30,CS Impulseup,Andresa Carmo,Ongoing,"pdi, avaliacao","pdi, avaliacao"
2d25dd1a-c912-47d5-9ea6-a367e53915bf,JD CONSULTORES,High,28080,50,Everton Chaiko,Caio Pinho,Onboarding,"avaliacao, pdi, pesquisas, metas","avaliacao, pdi, pesquisas, metas"
d8b700b7-d550-4e7c-8ffb-837dc365f2a1,leaogroup.us,Mid,"11409,4",50,Maria Marcílio,Hosana Freitas,Onboarding,"pdi, avaliacao","pdi, avaliacao"
24bf170e-fead-49f6-9484-9b8af9b33f44,LINKCE Telecom,Mid,10700,80,Ana Beatriz Glasner,Andresa Carmo,Ongoing,"avaliacao, pdi","avaliacao, pdi"
c13ebd19-f784-4f3d-bfe1-2c32319346de,LiquiPort,Low,0,30,CS Impulseup,Taiana Araujo,Ongoing,"avaliacao, pdi","avaliacao, pdi"
c2b4ebcf-2ba1-487c-8163-da12ee0efcef,Loungerie,High,16885,20,Ana Beatriz Glasner,Taiana Araujo,Onboarding,"avaliacao, pdi, metas, pesquisas","avaliacao, pdi, metas, pesquisas"
42cdf1c3-c4f9-423c-ac51-634eb60d2938,Mitsubishi Electric do Brasil - Automação Industrial e CNC,Low,"8554,7",50,Alexandra Cunha,Andresa Carmo,Onboarding,avaliacao,avaliacao
92181d3c-4f53-4d84-9738-ecde336916b9,môre,Mid,12128,80,Camila Fortes,Natália Baldivia,Onboarding,"avaliacao, pdi","avaliacao, pdi"
25cc3b3b-684a-41e1-84b8-47fee7827dfa,museu de arte moderna de são paulo,Low,0,70,Ana Beatriz Glasner,Andresa Carmo,Ongoing,"avaliacao, pdi, pesquisas","avaliacao, pdi, pesquisas"
a933454a-6cad-4b39-a772-2afc709d054a,Overallgymbh,Tech,"5395,2",20,Ana Beatriz Glasner,Lucas Henrique,Ongoing,"pdi, avaliacao","pdi, avaliacao"
357f562f-7af6-4a32-9a25-d142a4e8a206,Pacto Global da ONU,Mid,"12772,8",20,Ana Beatriz Glasner,Hosana Freitas,Ongoing,"avaliacao, pdi, metas, pesquisas","avaliacao, pdi, metas, pesquisas"
109093a0-0a70-4e1f-a3b6-88f9a021a3a7,panini.com.br,Mid,"11080,8",80,Camila Fortes,Hosana Freitas,Ongoing,"avaliacao, pesquisas, pdi","avaliacao, pesquisas, pdi"
7d0979b1-a16d-4443-aaff-69ddb41e6628,Pantanal Agrícola,High,"46918,62",80,Camila Fortes,Caio Pinho,Ongoing,"avaliacao, pdi, learning, metas, pesquisas","avaliacao, pdi, learning, metas, pesquisas"
afb45715-63c5-4ca3-b258-9bdf04b4e3a9,Placi,Mid,"24266,24",50,CS Impulseup,Caio Pinho,Ongoing,"pdi, avaliacao","pdi, avaliacao"
be9a68bd-0963-418f-bd52-aa308d410e9f,Pontal Energy,Low,10155,35,Everton Chaiko,Leonardo Alves,Onboarding,"avaliacao, pdi","avaliacao, pdi"
c286e93b-392a-40ed-ac2a-c4fb65f01a59,Porsche Brasil,Low,10110,75,CS Impulseup,Leonardo Alves,Ongoing,"pdi, avaliacao, metas","pdi, avaliacao, metas"
f1f712bd-d8d9-4368-95cc-47dcead77168,Portofino Multi Family Office,Mid,24300,90,Maria Marcílio,Natália Baldivia,Onboarding,"avaliacao, avaliacaodeexperiencia, pdi, metas, pesquisas","avaliacao, avaliacaodeexperiencia, pdi, metas, pesquisas"
86322afe-53e8-42f0-9a04-4288bdb023a6,Qualità Sistemas de Qualidade,Low,7056,50,Ana Beatriz Glasner,Taiana Araujo,Ongoing,"avaliacao, pdi","avaliacao, pdi"
765bb849-28e7-4270-8715-d2276d4224d8,Quantica Empresa de Consultoria e Servicos,Mid,"8331,25",80,Ana Beatriz Glasner,Leonardo Alves,Ongoing,"avaliacao, pdi","avaliacao, pdi"
2c81bb33-5903-45aa-bf06-b2a69bc0e907,rtsrio.com.br,High,30000,70,Alexandra Cunha,Caio Pinho,Ongoing,"avaliacao, pdi, learning, metas, pesquisas","avaliacao, pdi, learning, metas, pesquisas"
40f3d39c-64e8-4e95-94b8-120ad7f2d3a0,SABESP,Low,5940,100,Ana Beatriz Glasner,Hosana Freitas,Ongoing,"pdi, avaliacao","pdi, avaliacao"
fc2b8d79-36ff-4233-bccf-6a2742eee34d,Santaconstancia,Tech,"1555,4",50,CS Impulseup,Leonardo Alves,Ongoing,"pdi, avaliacao, metas","pdi, avaliacao, metas"
bc6910e2-3619-4edc-9d38-88926463729d,Sauter,Mid,22356,70,Ana Beatriz Glasner,Natália Baldivia,Onboarding,"avaliacao, avaliacaodeexperiencia, pdi, learning, pesquisas","avaliacao, avaliacaodeexperiencia, pdi, learning, pesquisas"
55c36146-e72f-4f4d-95b7-d6dedc29d94d,Sawluz,Low,6468,50,Maria Marcílio,Leonardo Alves,Ongoing,"avaliacao, pdi","avaliacao, pdi"
95784aa1-df0d-4a32-956d-62530d5c2d6d,Sferafc,Low,10000,50,Ana Beatriz Glasner,Leonardo Alves,Onboarding,"avaliacao, pdi","avaliacao, pdi"
b96d99df-569f-4c4a-9ecd-0222c4749003,Sincor SP,Mid,"20139,6",100,Everton Chaiko,Natália Baldivia,Ongoing,"avaliacao, metas","avaliacao, metas"
087713af-adfe-4684-81a0-496155cb6a1a,SMS Buenos Aires,High,"38767,1",80,Tati Lima,Andresa Carmo,Ongoing,"avaliacao, pdi, metas","avaliacao, pdi, metas"
71e2cf26-2972-4f90-8b84-d44d582d7d33,SOMOS Desenvolvimento Imobiliário,Mid,11400,90,Ana Beatriz Glasner,Hosana Freitas,Ongoing,"avaliacao, avaliacaodeexperiencia, pdi","avaliacao, avaliacaodeexperiencia, pdi"
134b4bc8-e7ec-4ad6-b14e-cebe3cf5a055,Superlogica,High,57000,50,Manu Rodrigues,Taiana Araujo,Ongoing,"avaliacao, pesquisas, pdi, learning","avaliacao, pesquisas, pdi, learning"
ec0419ba-c234-4f05-a156-fe5a549fca0b,Sustenidos,High,"54189,9",80,Camila Fortes,Taiana Araujo,Ongoing,"avaliacaodeexperiencia, pdi, pesquisas, avaliacao","avaliacaodeexperiencia, pdi, pesquisas, avaliacao"
9c644881-fe7e-42af-b24a-aa53711f0c7a,Talge,Mid,"20836,44",80,Alexandra Cunha,Natália Baldivia,Ongoing,"avaliacao, metas, pdi","avaliacao, metas, pdi"
28629f1d-cdd5-4e6a-bd37-ce546c0380ee,TC,High,46278,70,Alexandra Cunha,Caio Pinho,Ongoing,"avaliacao, avaliacaodeexperiencia, pdi, metas, pesquisas, remuneracao variavel","avaliacao, avaliacaodeexperiencia, pdi, metas, pesquisas, remuneracao variavel"
bbfbf043-203a-4ab9-b869-4609ba597859,Terra Investimentos,A definir,"29967,7",50,Paulo Pisano,Taiana Araujo,Ongoing,"pdi, avaliacao, metas, pesquisas","pdi, avaliacao, metas, pesquisas"
6d3f9bf3-53e9-4186-af3c-5bd2696aa3ab,TGPM,Mid,"21338,27",40,Camila Fortes,Raul Cariello,Onboarding,"avaliacao, metas, avaliacaodeexperiencia","avaliacao, metas, avaliacaodeexperiencia"
d76465ce-1aa3-479a-9b43-1256b3fdf903,Thehill,Tech,"4662,29",30,CS Impulseup,Lucas Henrique,Ongoing,"pdi, avaliacao","pdi, avaliacao"
edc622ec-82fa-46c8-8169-d8080f0087cd,Thyssenkrupp,High,"32937,67",20,Camila Fortes,Caio Pinho,Ongoing,"pdi, avaliacao, metas","pdi, avaliacao, metas"
0f6e46b1-5476-4a7f-8c77-cb9ba0a7728b,Total Distribuidora,High,27000,90,Ana Beatriz Glasner,Taiana Araujo,Ongoing,"avaliacao, pdi, metas, pesquisas","avaliacao, pdi, metas, pesquisas"
e3f91b3c-62fd-49fe-ba43-a78761adbe73,Trakto,Mid,"13602,6",90,Maria Marcílio,Andresa Carmo,Ongoing,"avaliacao, metas, pdi","avaliacao, metas, pdi"
593382a4-7012-435d-9f6d-da1268aad7dd,Unimed Circuito das Águas,Mid,"44220,2",100,Paulo Pisano,Taiana Araujo,Onboarding,"avaliacao, pdi, avaliacaodeexperiencia","avaliacao, pdi, avaliacaodeexperiencia"
e497f872-b4a0-414a-985e-9960fe5cccd0~|~25560944563,Venkuri,A definir,0,100,Paulo Pisano,Hosana Freitas,Ongoing,"avaliacao, pesquisas, pdi","avaliacao, pesquisas, pdi"
ac4c7bac-c216-4e40-ac5a-b7a3f25fc5dd,Via Consulting,Low,8400,20,Ana Beatriz Glasner,Natália Baldivia,Onboarding,"avaliacao, pdi","avaliacao, pdi"
5106bfe6-2f5a-4bbd-b5d2-19bcb6286a5e,Victor Tomé Arquitetura,Low,9600,70,Everton Chaiko,Leonardo Alves,Onboarding,"pdi, metas","pdi, metas"
7b42a43c-9336-4f7a-a7b1-5e6ba8d482db,Vision One,Enterprise,335000,80,Manu Rodrigues,Marcela Bonin,Onboarding,"avaliacao, avaliacaodeexperiencia, pdi, metas, pesquisas","avaliacao, avaliacaodeexperiencia, pdi, metas, pesquisas"
67ce6ebb-1cb0-4712-99a1-69768861f8c7,Woli Tecnologia,Low,"6999,3",80,Paulo Pisano,Leonardo Alves,Ongoing,"avaliacao, pdi","avaliacao, pdi"
6f04ea58-82c7-481a-ac5a-e595f0e505ac,[Gomes de Matos] FIMM,Mid,12300,90,Ana Beatriz Glasner,Leonardo Alves,,"metas, pdi","metas, pdi"
c639ee13-0b1a-4759-9830-5795f1fec87e,[Stefanini] Stefanini Latam,A definir,0,90,,Raul Cariello,Ongoing,avaliacao,avaliacao
087fa385-f16d-4912-8b7d-d1f02397bce3,Account 087fa385-f16d-4912-8b7d-d1f02397bce3,A definir,,90,,,Ongoing,,
21d96edd-4fbb-4296-866c-f9ad0dd8cd05,Account 21d96edd-4fbb-4296-866c-f9ad0dd8cd05,A definir,,100,,,Ongoing,,
376ccda8-b452-48ff-8e2e-c7e9a423ecb4,Account 376ccda8-b452-48ff-8e2e-c7e9a423ecb4,A definir,,100,,,Ongoing,,
40fa39b6-9a6e-4859-ad00-a295999713f3,Account 40fa39b6-9a6e-4859-ad00-a295999713f3,A definir,,90,,,Ongoing,,
459c0c70-e080-4167-aa71-e852d5c96d8a,Account 459c0c70-e080-4167-aa71-e852d5c96d8a,A definir,,80,,,Ongoing,,
56ce1816-cd00-4dae-8920-ca95b2142192,Account 56ce1816-cd00-4dae-8920-ca95b2142192,A definir,,100,,,Ongoing,,
5a89c9a9-44e8-4dfd-9531-df5a32cb9a9f,Account 5a89c9a9-44e8-4dfd-9531-df5a32cb9a9f,A definir,,100,,,Ongoing,,
5cc27f2d-257c-4dbb-af10-7477be98c920,Account 5cc27f2d-257c-4dbb-af10-7477be98c920,A definir,,100,,,Ongoing,,
6697dbc6-2f70-442a-8e78-75a5c8051679,Account 6697dbc6-2f70-442a-8e78-75a5c8051679,A definir,,90,,,Onboarding,,
6fedb629-e836-4d13-8e21-6eb3215a0507,Account 6fedb629-e836-4d13-8e21-6eb3215a0507,A definir,,90,,,Ongoing,,
78c23231-4430-464b-a8a1-1cfe04aca67c,Account 78c23231-4430-464b-a8a1-1cfe04aca67c,A definir,,100,,,Ongoing,,
9337723f-3370-4522-bcd5-033b7cac95ea,Account 9337723f-3370-4522-bcd5-033b7cac95ea,A definir,,90,,,Ongoing,,
9ecbe347-8fa6-41a4-ad1a-c45f6f92c97c,Account 9ecbe347-8fa6-41a4-ad1a-c45f6f92c97c,A definir,,100,,,Ongoing,,
a03d193d-c0ce-45ed-bc89-29c1fc094929,Account a03d193d-c0ce-45ed-bc89-29c1fc094929,A definir,,100,,,Ongoing,,
a9a17b74-5385-4e62-96fb-87056bd2fdfe,Account a9a17b74-5385-4e62-96fb-87056bd2fdfe,A definir,,90,,,Ongoing,,
b9b69dca-da8f-4cc8-946c-66861e688818,Account b9b69dca-da8f-4cc8-946c-66861e688818,A definir,,100,,,Ongoing,,
ba8972c5-2ec1-4797-a60b-41f0666dbd13,Account ba8972c5-2ec1-4797-a60b-41f0666dbd13,A definir,,100,,,Ongoing,,
c6e4bf9f-1e05-4d11-8683-61a96e7108fe,Account c6e4bf9f-1e05-4d11-8683-61a96e7108fe,A definir,,100,,,Ongoing,,
cf3505a6-c259-43d1-bb67-48f40a246b40,Account cf3505a6-c259-43d1-bb67-48f40a246b40,A definir,,100,,,Ongoing,,
d62615ca-4a97-4c59-a4d1-8e352b62b34a,Account d62615ca-4a97-4c59-a4d1-8e352b62b34a,A definir,,100,,,Ongoing,,
df384089-18ee-4c84-9e30-9c4c1b680e0a,Account df384089-18ee-4c84-9e30-9c4c1b680e0a,A definir,,100,,,Ongoing,,
78b716e1-be5c-4a9c-820a-d4ca1e2a7a93,Agis,High,42550,40,Camila Fortes,Marcela Bonin,Onboarding,"pdi, avaliacao, metas","pdi, avaliacao, metas"
42f24307-b1f0-4d58-a13e-b916a2a1e0f5,ALZ Grãos ,Enterprise,66000,100,Paulo Pisano,Raul Cariello,Onboarding,"avaliacao, pdi, metas, pesquisas, remuneracao variavel","avaliacao, pdi, metas, pesquisas, remuneracao variavel"
0c5187da-7d70-47e5-a85f-85a885f6753e,Bogo Advocacia e Consultoria,Mid,0,90,Maria Marcílio,Andresa Carmo,Onboarding,"avaliacao, pdi, metas, pesquisas","avaliacao, pdi, metas, pesquisas"
e0729c6f-a6bf-42f7-bea1-787f611f2468,Conversa,Low,9600,100,Larissah Pereira,Andresa Carmo,Onboarding,avaliacao,avaliacao
cd7de331-90d5-40d1-869d-ad382ef46024,Grupo Tracker,Low,8499,100,Ana Beatriz Glasner,Andresa Carmo,Onboarding,"pesquisas, pdi","pesquisas, pdi"
372eae63-b799-4900-9283-e0a6b8de3767,GrupoSC Distribuidora de Medicamentos,Enterprise,"169957,77",60,,Marcela Bonin,Onboarding,"pdi, avaliacao","pdi, avaliacao"
396da750-06a2-456a-88ee-b981c45fef6c,Imagens Medicina Diagnóstica,A definir,"17347,75",90,Larissah Pereira,Natália Baldivia,Ongoing,"pdi, avaliacao","pdi, avaliacao"
f7151ea6-0822-4f94-9c67-e2c89bf7b7a3,J. Assy,High,36000,70,Paulo Pisano,Taiana Araujo,Onboarding,"avaliacao, pesquisas","avaliacao, pesquisas"
85251e6a-85f3-4fe4-9c1a-521989bb1a6e,LabClinic,Mid,"10879,2",80,Maria Marcílio,Leonardo Alves,Onboarding,"avaliacao, metas","avaliacao, metas"
1e33fb5c-01f1-459e-b0da-5bb13e013fe2,Limppano,Enterprise,70970,100,Camila Fortes,Taiana Araujo,Onboarding,"avaliacao, pdi, pesquisas","avaliacao, pdi, pesquisas"
b94c7fe9-3dd0-4493-9845-a9e193b17bc6,Monte Bravo Investimentos,High,40080,90,Camila Fortes,Taiana Araujo,Onboarding,"avaliacao, pdi, pesquisas","avaliacao, pdi, pesquisas"
3a2f3286-5c2f-4a93-a5a7-75d641b30a23,Portal de Contas Públicas,A definir,0,90,,Taiana Araujo,Onboarding,"pdi, avaliacao","pdi, avaliacao"
4c7b7fd3-4fd5-4256-9368-dc0056fd06b9,Raimax Fibra Óptica,Mid,24408,70,Everton Chaiko,Hosana Freitas,Onboarding,"avaliacao, avaliacaodeexperiencia, metas, pesquisas, pdi","avaliacao, avaliacaodeexperiencia, metas, pesquisas, pdi"
a4e35b2e-f936-42e7-b4af-44295b0b6f54,Realiza Rent a Car,Low,9500,90,Ana Beatriz Glasner,Andresa Carmo,,"avaliacao, pesquisas","avaliacao, pesquisas"
8d31ae7d-fc54-49e4-9102-f7ff16cd1c4b,Skala cosméticos,High,"36892,8",90,Camila Fortes,Taiana Araujo,Ongoing,"avaliacao, metas","avaliacao, metas"
6b48960b-de4f-4e90-abe3-69a242326dd4,Unilavras,High,36000,100,Camila Fortes,Marcela Bonin,,"avaliacao, avaliacaodeexperiencia, pdi","avaliacao, avaliacaodeexperiencia, pdi"
0cb14aa4-cf64-4563-840b-aa51083b8d0a,Unimed Maranhão do Sul,High,"48145,8",50,,Caio Pinho,Ongoing,"pdi, avaliacao, pesquisas","pdi, avaliacao, pesquisas"
c3081ce5-effa-4d13-8faa-e0579390604b,Usina Lins,High,"39970,8",35,Luísa Schimidt,Marcela Bonin,Ongoing,"pdi, avaliacao, metas","pdi, avaliacao, metas"